kind,method,train_seed,scenario,evaluation_episodes,success_rate,episode_return,restricted_team_time,success_time,total_path_length,total_energy_proxy,goal_distance_mean,communication_rate,rho_pos_mean,rho_prefix_mean,safety_interventions,collisions,boundary_requests,policy_ms_per_step,tracking_rmse,tracking_prefix_rmse,prior_tracking_rmse,measurement_updates
checkpoint,pure_fixed_cpu,7,bs_only,30,0.0,16.218522903650715,100.0,,304.240416405143,92.45673463801722,5.083895426884234,1.0,2.9802949565362207,17.598486223943166,0.0,0.0,53.3,0.23050313333563585,1.998674928747042,4.74091066100811,3.0083595451456255,100.0
checkpoint,pure_fixed_cpu,7,crossing,30,0.0,-130.1527242869021,100.0,,356.14654024093653,101.37533867933388,29.8170463664251,0.9983333333333333,0.247911362743773,0.13235910455028158,0.0,0.0,71.0,0.24226283333215784,0.6317474145024385,0.939721863249833,1.9927391136854404,299.6666666666667
checkpoint,pure_fixed_cpu,7,fast_speed,30,1.0,208.07879277747872,92.56666666666666,92.56666666666666,298.35824067467763,46.37909095549046,4.09709049030651,1.0,0.2800543451487274,0.19805680974528178,0.0,0.0,2.9,0.16924113072911345,0.5752887261768727,0.7520191915191423,2.0207520346399974,202.96666666666667
checkpoint,pure_fixed_cpu,7,noisy_csi,30,1.0,250.4812064299544,94.0,94.0,272.7187753587147,69.1470351984706,4.506964445723849,1.0,0.26321172316058555,0.14894872728775815,0.0,0.0,0.0,0.18002706305858773,0.589108602537231,0.795470105881552,2.0126285678433216,215.0
checkpoint,pure_fixed_cpu,7,nominal,30,1.0,255.39896460083443,63.03333333333333,63.03333333333333,257.74270409476645,68.39720728079934,4.5810081161757585,1.0,0.2388999463360698,0.1719315377119935,0.0,0.0,0.4666666666666667,0.19422448895774022,0.5511447789169199,0.7159275983372343,2.5430042950785947,149.8
checkpoint,pure_fixed_cpu,7,prediction_only,30,0.0,-261.2571908246314,100.0,,333.8008038510996,157.70409923575644,54.12395353580679,1.0,35953.0,445.75,0.0,0.0,164.33333333333334,0.2552366333408524,114.25676331422305,19.46472754240153,114.25676331422305,0.0
checkpoint,pure_fixed_cpu,7,reverse_goals,30,0.0,-307.5192147110931,100.0,,274.986410304861,69.75221433841065,114.78260784812801,1.0,0.18864275365014846,0.1718604689762061,0.0,0.0,73.0,0.2447973333188808,0.4912108715870462,0.7162819431363127,1.9186427085398567,300.0
checkpoint,pure_fixed_cpu,7,shifted_goals,30,0.0,47.999886902056616,100.0,,235.0189104743584,57.55681607470005,9.63305244633162,1.0,0.2635312587869333,0.17414181760436565,0.0,0.0,0.0,0.17188816663838224,0.5590016436530983,0.7187656549938392,1.9507182176254827,221.0
checkpoint,pure_fixed_cpu,7,tight_deadline,30,0.0,-5.520647878491347,30.0,,257.097653804586,68.21409214947036,7.674052151025772,1.0,0.212241581859739,0.1713365276559635,0.0,0.0,3.0,0.24748533334180445,0.6135336871459102,0.7153380185082052,3.328934010099519,90.0
checkpoint,pure_fixed_cpu,7,wide_bounds,30,1.0,255.86050328418926,63.03333333333333,63.03333333333333,257.9044924125881,68.4596472871827,4.58455486819651,1.0,0.23890124640462995,0.1719315377119935,0.0,0.0,0.0,0.19704445129016496,0.551146533700082,0.7159275983372343,2.5430042950785947,149.8
checkpoint,pure_fixed_cpu,7,wide_fast,30,0.9666666666666667,201.77656242741918,93.1,92.86206896551724,302.26803532721203,47.027030539902306,5.264799350956695,1.0,0.28135274627199386,0.19805680974528178,0.0,0.0,2.5,0.16988692845829806,0.5762082695151958,0.7520191915191423,2.017090703895891,204.03333333333333
checkpoint,pure_fixed_cpu,17,bs_only,30,0.9666666666666667,244.82856796520102,29.666666666666668,27.24137931034483,242.33131462862045,66.47783962761554,4.819720855099049,1.0,13.917470904727391,17.518994344882472,0.0,0.0,5.733333333333333,0.23056765612204588,4.057630276039466,4.732749993992588,6.041418264560343,29.666666666666668
checkpoint,pure_fixed_cpu,17,crossing,30,0.0,-134.44050564504266,100.0,,342.21473576651533,94.72065236897939,33.067662085582576,0.9708333333333331,0.26028782250081745,0.22885147753906632,0.0,0.0,72.0,0.23815513332192495,0.6349933277208579,1.0193754058386983,1.9994671086535662,294.1666666666667
checkpoint,pure_fixed_cpu,17,fast_speed,30,1.0,223.43521729418273,18.0,18.0,239.04585090587454,38.88957680715281,3.1433653816602503,1.0,0.2484015939935621,0.20789562171099252,0.0,0.0,1.0,0.22269666659229656,0.7021655194695455,0.7688236292983992,4.259197013994124,50.0
checkpoint,pure_fixed_cpu,17,noisy_csi,30,1.0,262.71948929570857,27.0,27.0,234.58273523412447,62.76037493524424,4.027143709858656,1.0,0.2183712210479232,0.15977583747896232,0.0,0.0,0.0,0.2567530864235991,0.7090410663018785,0.8422961937486174,3.542564293873046,75.0
checkpoint,pure_fixed_cpu,17,nominal,30,1.0,262.63598049918943,27.0,27.0,234.61499735370813,62.766397997754176,4.108547501175199,1.0,0.2261133206060722,0.18165740386224474,0.0,0.0,0.0,0.26263777780749714,0.644137957145334,0.7362984922525561,3.506931567490654,75.03333333333333
checkpoint,pure_fixed_cpu,17,prediction_only,30,0.0,-289.1339390744249,100.0,,352.92209975650076,154.95790451715746,72.32766037305693,1.0,35953.0,445.75,0.0,0.0,171.53333333333333,0.24910453332934898,114.25676331422305,19.46472754240153,114.25676331422305,0.0
checkpoint,pure_fixed_cpu,17,reverse_goals,30,0.0,-314.0207017868867,100.0,,251.19239762954354,63.468651678297675,118.79755534340133,1.0,0.2137452254758408,0.18170654643127468,0.0,0.0,74.96666666666667,0.25112533332685416,0.5233937304420686,0.7521011199178027,1.934535055036527,300.0
checkpoint,pure_fixed_cpu,17,shifted_goals,30,0.0,48.70439977496039,100.0,,214.13351494154065,51.88773566345618,9.71012663201329,1.0,0.266226531948439,0.18229949304831247,0.0,0.0,0.0,0.17440366668900728,0.5630952618984542,0.7381924580857239,1.9532342626213108,220.0
checkpoint,pure_fixed_cpu,17,tight_deadline,30,0.3,139.67267128870665,30.0,30.0,239.10071935525522,62.732986148698295,4.587660417078923,1.0,0.23640379263141315,0.1813472017910168,0.0,0.0,3.0,0.2318806666901057,0.6413092374468637,0.7359943839503267,3.3387887758402446,81.0
checkpoint,pure_fixed_cpu,17,wide_bounds,30,1.0,262.63598049918943,27.0,27.0,234.61499735370813,62.766397997754176,4.108547501175199,1.0,0.2261133206060722,0.18165740386224474,0.0,0.0,0.0,0.23235913581798,0.644137957145334,0.7362984922525561,3.506931567490654,75.03333333333333
checkpoint,pure_fixed_cpu,17,wide_fast,30,1.0,224.12438675562265,18.0,18.0,241.1166677604728,39.339638645143474,3.6189108647870945,1.0,0.24845655115513238,0.20789562171099252,0.0,0.0,0.0,0.2234331481337938,0.702205091813859,0.7688236292983992,4.259197013994124,50.0
checkpoint,pure_fixed_cpu,27,bs_only,30,0.9666666666666667,182.45380705396988,83.9,83.34482758620689,287.7194511951766,88.43003029742412,4.789158396916308,1.0,3.170826707319308,17.40093592440204,0.0,0.0,57.03333333333333,0.19054007583770743,2.0455938088796253,4.721917540715443,3.1584120175737938,83.9
checkpoint,pure_fixed_cpu,27,crossing,30,0.0,-137.98795620292367,100.0,,429.5751767399603,104.56723903938928,36.230867248279225,0.9699999999999999,0.2603108969609506,0.242814121511559,0.0,0.0,71.0,0.25226849997307,0.6469835714927779,1.049125969025099,2.0080665094131662,294.0
checkpoint,pure_fixed_cpu,27,fast_speed,30,1.0,156.61669331931986,72.56666666666666,72.56666666666666,297.7993381332895,61.44685841685815,4.723703245998319,1.0,0.3008236905975889,0.2116485813983455,0.0,0.0,55.46666666666667,0.20259702241822639,0.6159772266273384,0.785981956719564,2.2548066206064847,171.63333333333333
checkpoint,pure_fixed_cpu,27,noisy_csi,30,1.0,205.25106170475166,74.73333333333333,74.73333333333333,286.35695341460354,84.2373407556924,4.678320069823727,1.0,0.2790639119304386,0.16638051251867267,0.0,0.0,46.733333333333334,0.2000314523629153,0.62220681633574,0.8272905725234952,2.2317150404994472,183.46666666666667
checkpoint,pure_fixed_cpu,27,nominal,30,1.0,205.3774865662061,74.63333333333334,74.63333333333334,285.9706134732676,84.16343957255462,4.6869079358671,1.0,0.2814529539030774,0.18752363340222308,0.0,0.0,46.63333333333333,0.1927177268767681,0.5990871429384114,0.7575860947065792,2.2240856329354006,183.26666666666668
checkpoint,pure_fixed_cpu,27,prediction_only,30,0.0,-258.21575508114586,100.0,,333.1934176332435,140.45650502516625,50.49429951285962,1.0,35953.0,445.75,0.0,0.0,165.93333333333334,0.24077003333695757,114.25676331422305,19.46472754240153,114.25676331422305,0.0
checkpoint,pure_fixed_cpu,27,reverse_goals,30,0.0,-313.17875063079805,100.0,,287.26840637212166,64.67154539950744,118.89283711584886,1.0,0.2081963547715476,0.1776588198903569,0.0,0.0,74.0,0.25240223331638845,0.5215725408892137,0.7616917378994876,1.9309815165831081,300.0
checkpoint,pure_fixed_cpu,27,shifted_goals,30,0.0,-144.3104684634227,100.0,,338.6419484211773,89.73234353223036,25.152855695553583,1.0,0.2553730762601549,0.18875340491292356,0.0,0.0,73.0,0.2693457333304347,0.5612414344633282,0.7614958829687335,1.9504778972220052,300.0
checkpoint,pure_fixed_cpu,27,tight_deadline,30,0.0,88.37705859870645,30.0,,254.43339821909422,66.11001767079412,6.986926535894288,1.0,0.22092845183601675,0.1871963667191315,0.0,0.0,0.06666666666666667,0.2787336666592132,0.6324258916358338,0.7572193940916321,3.333751191736684,87.06666666666666
checkpoint,pure_fixed_cpu,27,wide_bounds,30,0.0,-119.21627054329254,100.0,,383.4653386553156,102.8799756061435,37.69643378892416,1.0,0.27517093477396853,0.18752363340222308,0.0,0.0,60.0,0.2484470333365607,0.5781412541615091,0.7575860947065792,1.9586449529569698,300.0
checkpoint,pure_fixed_cpu,27,wide_fast,30,0.0,-163.79892486405953,100.0,,446.11951674259006,76.99467951674923,37.84146745272197,1.0,0.2877616653829931,0.2116485813983455,0.0,0.0,74.7,0.25076613333658315,0.5882938150001632,0.785981956719564,1.9642616914357627,300.0
checkpoint,pure_randomized,7,bs_only,30,1.0,258.1919050802827,29.7,29.7,252.51405648357482,65.21181567955564,3.9823325388649327,1.0,6.78012316692264,18.193351685051024,0.0,0.0,2.466666666666667,0.22977001868989583,2.9384483166724973,4.775229163654856,4.885003991473752,29.7
checkpoint,pure_randomized,7,crossing,30,0.0,-42.92240090090664,100.0,,650.6498514825801,120.56064562529401,19.258903476593183,1.0,0.2522706430099125,0.1503520275442115,0.0,0.0,11.2,0.2312433999904897,0.6221528516035361,0.9185920562024917,1.9813675935141335,295.73333333333335
checkpoint,pure_randomized,7,fast_speed,30,0.0,26.589991100748232,100.0,,358.6833045167677,46.187974342579345,9.28750667556142,1.0,0.2805852649807257,0.17015533078654785,0.0,0.0,8.9,0.17373699999128198,0.5817157005064975,0.7637182399898961,1.9660553851848255,219.9
checkpoint,pure_randomized,7,noisy_csi,30,0.0,67.77645019319095,100.0,,335.9144343251368,72.15609052492347,9.441590698596475,1.0,0.2671436572971133,0.125416388538277,0.0,0.0,5.866666666666666,0.16900159999810663,0.5981769452308704,0.809983939045574,1.9723895174355912,228.0
checkpoint,pure_randomized,7,nominal,30,0.0,66.75622698084877,100.0,,338.9279560041736,72.49787829806161,9.25893534646075,1.0,0.26827929444390036,0.14358912327081141,0.0,0.0,7.0,0.16955663331646065,0.5703285062721858,0.7233982978912252,1.9587160883579449,228.53333333333333
checkpoint,pure_randomized,7,prediction_only,30,0.0,-348.5442647851878,100.0,,396.48078620003054,113.70656589881482,141.8612190687092,0.8261666666666667,35953.0,445.75,0.0,0.0,152.33333333333334,0.24087419999341364,114.25676331422305,19.46472754240153,114.25676331422305,0.0
checkpoint,pure_randomized,7,reverse_goals,30,0.0,-135.37893941083865,100.0,,793.1062509361306,140.221922273727,25.125122920426595,0.9588333333333331,0.16914687428797123,0.35727299584202427,0.0,0.0,4.133333333333334,0.34189510001548723,0.5183374949584991,1.0239425514426572,1.9350509409939112,291.76666666666665
checkpoint,pure_randomized,7,shifted_goals,30,1.0,236.39907922688954,29.1,29.1,234.4179863252531,54.54340695890467,4.3340757536702395,1.0,0.20657276610071282,0.14552579978881208,0.0,0.0,0.0,0.3012709655507989,0.627396901523616,0.7338242617738221,3.3898507626086483,80.06666666666666
checkpoint,pure_randomized,7,tight_deadline,30,0.0,-9.467611350406909,30.0,,264.7571198249111,64.52721511075387,11.52979819363625,1.0,0.20518274909792877,0.1433063237188785,0.0,0.0,3.0,0.22714633330906508,0.6249979677053498,0.7231232657422008,3.3395859440897038,90.0
checkpoint,pure_randomized,7,wide_bounds,30,0.0,73.77345384440369,100.0,,370.19808890157105,76.12638154914929,9.090619077784053,1.0,0.2684644485208223,0.14358912327081141,0.0,0.0,0.0,0.1936595666750994,0.5705837272701904,0.7233982978912252,1.9588301589210813,228.0
checkpoint,pure_randomized,7,wide_fast,30,0.0,-57.08280283127456,100.0,,973.8458862653188,115.72272653148526,21.897425852113322,1.0,0.2741710147042086,0.17015533078654785,0.0,0.0,5.866666666666666,0.22666520000711898,0.5785998282233397,0.7637182399898961,1.9643044942157875,278.1333333333333
checkpoint,pure_randomized,17,bs_only,30,0.3333333333333333,48.90996905364445,99.9,99.7,421.3349786129751,76.0783996108392,6.838262084623668,0.9984898989898989,10.147113977817671,17.59275757756856,0.0,0.0,57.233333333333334,0.24130747588906257,3.3943131463025953,4.72859879178361,4.388188989488894,99.9
checkpoint,pure_randomized,17,crossing,30,0.0,-44.309568063989325,100.0,,806.0594527794402,156.46668638098436,16.90589589415627,0.9718333333333331,0.24633858995354202,0.17566142263247173,0.0,0.0,0.0,0.23929400002392262,0.6332863515741747,1.0076700143677342,1.991594677047337,294.3666666666667
checkpoint,pure_randomized,17,fast_speed,30,0.0,-127.36649565810497,100.0,,598.2761116580139,56.570024996216105,11.112623962188287,0.9998333333333334,0.26244085259226474,0.18022864614181536,0.0,0.0,61.2,0.25217390001853346,0.5736281556706522,0.7834058787297702,1.957207724606827,299.96666666666664
checkpoint,pure_randomized,17,noisy_csi,30,0.06666666666666667,16.08953761421357,99.96666666666667,99.5,443.1020176010255,77.30181897041577,6.559691052587743,1.0,0.2645860089783929,0.14503468078051082,0.0,0.0,61.1,0.23942067067579623,0.6115358681049653,0.8658679909472036,1.9789026220438615,288.1666666666667
checkpoint,pure_randomized,17,nominal,30,0.0,0.9607690752298242,100.0,,421.823661857359,74.22195039672688,7.0085734243046875,1.0,0.26202739951962845,0.15624540771805467,0.0,0.0,61.4,0.22957409999253287,0.5710476375255455,0.7466548429366898,1.9551159367282926,290.2
checkpoint,pure_randomized,17,prediction_only,30,0.0,-332.31998471850136,100.0,,404.44465155955464,123.20508578727554,115.22538035618108,0.8136666666666666,35953.0,445.75,0.0,0.0,164.8,0.23044109999561138,114.25676331422305,19.46472754240153,114.25676331422305,0.0
checkpoint,pure_randomized,17,reverse_goals,30,0.0,-44.96576682588206,100.0,,420.88745788495163,68.72133977226324,14.976519602814518,0.9293531499592468,0.21649948474004174,0.3981829574724598,1.2,0.0,0.43333333333333335,0.17909539998496862,0.5557731721359267,1.007103324246144,1.9431441429627427,215.86666666666667
checkpoint,pure_randomized,17,shifted_goals,30,0.0,-63.822552917820666,100.0,,759.7836196243571,142.1685612148775,18.536683753012877,1.0,0.22975674649246744,0.16172996250895008,0.0,0.0,0.0,0.24355963332648875,0.545130898309029,0.7617004772777489,1.942703873763079,300.0
checkpoint,pure_randomized,17,tight_deadline,30,0.0,-15.465021681065467,30.0,,270.803884807957,63.0662234047954,16.28066034219225,1.0,0.20241914553808954,0.15612377028099964,0.0,0.0,4.133333333333334,0.2449991111643612,0.6301694904265804,0.7466181238556118,3.334396433440436,90.0
checkpoint,pure_randomized,17,wide_bounds,30,0.16666666666666666,87.76301045340104,99.36666666666666,96.2,701.9687542890277,137.78141513412308,11.792866916951596,1.0,0.27192724757370773,0.15624540771805467,0.0,0.0,2.0,0.22369478568230844,0.5798232621103118,0.7466548429366898,1.9656397685838818,281.53333333333336
checkpoint,pure_randomized,17,wide_fast,30,0.0,-86.22239205874482,100.0,,1205.9563659431317,151.73985870262592,24.778979796871262,0.9998333333333334,0.26251668729735544,0.18022864614181536,0.0,0.0,6.366666666666666,0.24001046667520617,0.5727922412112866,0.7834058787297702,1.9566118462786763,299.96666666666664
checkpoint,pure_randomized,27,bs_only,30,0.9666666666666667,205.92514918153648,63.266666666666666,62.0,440.28330263586577,97.60231990146404,4.271822373741824,0.9980246913580246,3.5472431140844365,17.771370353468434,0.0,0.0,37.06666666666667,0.2314876019390298,2.179648697521696,4.747638731736643,3.482443886816188,63.266666666666666
checkpoint,pure_randomized,27,crossing,30,0.0,-62.3795213180005,100.0,,765.1185215189815,152.00713081936928,24.308526471119432,0.9595000000000001,0.25752169057036944,0.19077879006836201,0.0,0.0,10.7,0.24565183332136561,0.645243251658716,1.0182082250018332,2.0076191138510064,291.9
checkpoint,pure_randomized,27,fast_speed,30,1.0,152.05027290318148,78.2,78.2,307.0962863879962,47.18604462978404,4.097227657448893,1.0,0.31246431370089217,0.20008514062789579,0.0,0.0,61.166666666666664,0.17192206479784378,0.6236410104293753,0.780880881047222,2.187861802140981,170.4
checkpoint,pure_randomized,27,noisy_csi,30,1.0,201.72353757306055,80.76666666666667,80.76666666666667,278.9999696431279,69.64493664096327,2.8262276438044434,1.0,0.29251320127911484,0.15446259807778054,0.0,0.0,52.833333333333336,0.17606098485938917,0.6361375161677643,0.8433805108535208,2.1675893158991313,182.53333333333333
checkpoint,pure_randomized,27,nominal,30,1.0,201.72183976177863,80.66666666666667,80.66666666666667,278.8368938967377,69.58172075316394,3.0254078143882634,1.0,0.2946267612202919,0.17567728134689606,0.0,0.0,52.666666666666664,0.17411642048671377,0.6024897098203915,0.7500935403058181,2.1494617716635394,182.33333333333334
checkpoint,pure_randomized,27,prediction_only,30,0.0,-274.79635673989975,100.0,,347.152940917546,140.0688017211829,71.33469885665232,0.9731666666666664,35953.0,445.75,0.0,0.0,157.7,0.23652766669025974,114.25676331422305,19.46472754240153,114.25676331422305,0.0
checkpoint,pure_randomized,27,reverse_goals,30,0.36666666666666664,-2.674681822998567,93.36666666666666,81.9090909090909,598.4915716803494,112.1886397542794,18.681708957662284,0.7114247601421767,0.21553047237865683,0.21839891014381363,1.1666666666666667,0.0,3.2,0.21142793551846753,0.5421324862768063,0.8486241794327924,1.994060039788319,202.63333333333333
checkpoint,pure_randomized,27,shifted_goals,30,0.0,15.310432966834677,100.0,,587.8855568918017,115.47310946972253,17.09712597127204,1.0,0.2810333982637575,0.1777832865232024,0.0,0.0,17.333333333333332,0.20851656667036877,0.585293610065238,0.7593720663189221,1.9631623582134397,260.9
checkpoint,pure_randomized,27,tight_deadline,30,0.0,87.47710446579741,30.0,,247.9302799977109,65.21440974898309,5.777864868152494,1.0,0.2327230851886798,0.17573790161705058,0.0,0.0,2.9,0.21752200001073005,0.6494133549909373,0.7501584080967489,3.340139974588659,81.0
checkpoint,pure_randomized,27,wide_bounds,30,0.0,61.646275688392834,100.0,,551.9202105255492,124.70557112587068,17.76672462292858,1.0,0.3234135467951332,0.17567728134689606,0.0,0.0,0.03333333333333333,0.17153296666037932,0.6150348597476959,0.7500935403058181,1.9786543804450214,221.0
checkpoint,pure_randomized,27,wide_fast,30,0.0,20.865259056498978,100.0,,775.1187146570533,107.75537858673451,17.557107263655446,1.0,0.3372684661800791,0.20008514062789579,0.0,0.0,4.933333333333334,0.16828939998837691,0.6295304704443813,0.780880881047222,1.987735599806207,214.0
checkpoint,residual_randomized,7,bs_only,30,1.0,263.2538931436611,27.0,27.0,233.05017667773973,47.4373539088587,2.893199050609831,1.0,9.710268289893243,17.448180090556015,0.0,0.0,0.0,0.2636922222325351,3.4104757901026166,4.726201011609009,5.425475077053049,27.0
checkpoint,residual_randomized,7,crossing,30,1.0,256.7624413319281,22.0,22.0,219.89785101727267,45.31884821329438,3.7294296155593214,0.7075757575757574,0.2708822017191821,0.2291967934494358,0.0,0.0,0.0,0.29888454547483095,0.8867475299634163,1.0533895323123288,3.9991061460030815,53.13333333333333
checkpoint,residual_randomized,7,fast_speed,30,1.0,225.22477433097484,17.0,17.0,232.2364346163007,30.021793497080143,2.7721037600229326,1.0,0.23837870111140436,0.1929755484581597,0.0,0.0,0.0,0.27741862742878565,0.6940646832079389,0.7486295635405364,4.37094902698755,47.0
checkpoint,residual_randomized,7,noisy_csi,30,1.0,263.95434638353606,27.0,27.0,232.4135478975981,47.20798374334034,3.365471150978626,1.0,0.21245483555642222,0.13625205559413386,0.0,0.0,0.0,0.27421802470475265,0.669901485141063,0.7590083727155863,3.5155926477963644,74.0
checkpoint,residual_randomized,7,nominal,30,1.0,263.95486498212784,27.0,27.0,232.40980122860384,47.206351237809145,3.367278038212955,1.0,0.22050093967772488,0.1587782674413064,0.0,0.0,0.0,0.27774419751814866,0.6370398787890632,0.7058822819871982,3.5027037358903703,74.0
checkpoint,residual_randomized,7,prediction_only,30,1.0,261.84567951609625,27.0,27.0,234.9999997922582,48.085173856816155,1.0084991530983218,1.0,1599.1999999999998,445.75,0.0,0.0,0.0,0.26094987657685403,29.488996710895364,19.46472754240153,29.488996710895364,0.0
checkpoint,residual_randomized,7,reverse_goals,30,1.0,185.69161275698997,6.0,6.0,56.11668193214674,11.488053561663094,2.2549203964217246,1.0,0.3708397428310902,,0.0,0.0,0.0,0.3033938888519414,1.1595555690405261,,7.358622283747637,18.0
checkpoint,residual_randomized,7,shifted_goals,30,1.0,240.65026958047605,20.0,20.0,179.38556675255114,36.926642708048426,3.0319493421791295,1.0,0.20179375593242987,0.16585693471895308,0.0,0.0,0.0,0.28437399999044527,0.654617060249083,0.7201550701663095,4.036547607960507,56.0
checkpoint,residual_randomized,7,tight_deadline,30,1.0,264.09273535663,27.0,27.0,232.47763993449516,47.223028681779944,3.231672472751467,1.0,0.22049657676676596,0.15874063446132283,0.0,0.0,0.0,0.2634159259141149,0.637045515945005,0.7058376097085067,3.5027054498456924,74.0
checkpoint,residual_randomized,7,wide_bounds,30,1.0,263.95486498212784,27.0,27.0,232.40980122860384,47.206351237809145,3.367278038212955,1.0,0.22050093967772488,0.1587782674413064,0.0,0.0,0.0,0.277414444435972,0.6370398787890632,0.7058822819871982,3.5027037358903703,74.0
checkpoint,residual_randomized,7,wide_fast,30,1.0,225.22477433097484,17.0,17.0,232.2364346163007,30.021793497080143,2.7721037600229326,1.0,0.23837870111140436,0.1929755484581597,0.0,0.0,0.0,0.2800345098305615,0.6940646832079389,0.7486295635405364,4.37094902698755,47.0
checkpoint,residual_randomized,17,bs_only,30,1.0,262.7927115783456,27.033333333333335,27.033333333333335,235.03473035105074,48.31134323038663,3.2527402052024836,1.0,10.341574242285654,17.44927483415498,0.0,0.0,0.03333333333333333,0.2579937433587494,3.4546671839903333,4.72615219939704,5.448451855136449,27.033333333333335
checkpoint,residual_randomized,17,crossing,30,1.0,256.75222396173245,22.0,22.0,219.99999978180688,45.79494564695762,3.686748943969523,0.7272727272727271,0.2662029196724668,0.22963281775266745,0.0,0.0,0.0,0.28256303029400337,0.8833157115956123,1.0536311515819683,3.995691232002393,54.0
checkpoint,residual_randomized,17,fast_speed,30,1.0,225.35060093581407,17.0,17.0,233.8959055469996,30.5672005379924,2.5510214212045565,1.0,0.23814329379547136,0.19200244009489134,0.0,0.0,0.0,0.2691554901948799,0.6939918309511345,0.7484172581384857,4.3712341028899395,47.0
checkpoint,residual_randomized,17,noisy_csi,30,1.0,264.27063841811696,27.0,27.0,234.70488339704696,48.18123454269639,3.0198081614931778,1.0,0.21369836650785284,0.13717678643004447,0.0,0.0,0.0,0.25654765433927545,0.6754545519972152,0.7681105831717754,3.516995691257541,74.0
checkpoint,residual_randomized,17,nominal,30,1.0,264.2743709290565,27.0,27.0,234.70423519105037,48.180773734993544,3.018404692268158,1.0,0.22132279256301535,0.15858581557655008,0.0,0.0,0.0,0.2679622222179508,0.6390715098779339,0.7087933597720615,3.503639345142558,74.0
checkpoint,residual_randomized,17,prediction_only,30,1.0,259.3176937968277,28.0,28.0,243.13135223066536,49.91586472416556,1.9464837418606669,1.0,1715.2,445.75,0.0,0.0,1.0,0.26653464285031764,30.229602782712266,19.46472754240153,30.229602782712266,0.0
checkpoint,residual_randomized,17,reverse_goals,30,1.0,185.20696740089085,7.0,7.0,56.29908570882479,10.522807636839243,2.5860554101543385,1.0,0.33651587822111206,,0.0,0.0,0.0,0.28556285715673024,1.0533774996171377,,6.797183880922848,20.0
checkpoint,residual_randomized,17,shifted_goals,30,1.0,240.40595803561604,20.0,20.0,179.86535639342813,37.25008003636363,3.2539648173537077,1.0,0.20118364185309398,0.16453158057351158,0.0,0.0,0.0,0.2611826666361594,0.656176078722413,0.7225857777212945,4.037329779957393,56.0
checkpoint,residual_randomized,17,tight_deadline,30,1.0,264.2958213106643,27.0,27.0,234.6071543038619,48.13563778393681,2.9996442755831216,1.0,0.22134428345469553,0.15857807130806562,0.0,0.0,0.0,0.2603650617329325,0.6391187550053925,0.7087827720886458,3.5036568953761877,74.0
checkpoint,residual_randomized,17,wide_bounds,30,1.0,264.2743709290565,27.0,27.0,234.70423519105037,48.180773734993544,3.018404692268158,1.0,0.22132279256301535,0.15858581557655008,0.0,0.0,0.0,0.25639148146711016,0.6390715098779339,0.7087933597720615,3.503639345142558,74.0
checkpoint,residual_randomized,17,wide_fast,30,1.0,225.35060093581407,17.0,17.0,233.8959055469996,30.5672005379924,2.5510214212045565,1.0,0.23814329379547136,0.19200244009489134,0.0,0.0,0.0,0.28370529413651263,0.6939918309511345,0.7484172581384857,4.3712341028899395,47.0
checkpoint,residual_randomized,27,bs_only,30,1.0,264.78694110627504,27.0,27.0,234.92747377332867,48.139820508604906,1.3858167277253413,1.0,9.759134241797897,17.441669869482084,0.0,0.0,0.0,0.2664283950847967,3.4077347452884164,4.7252165453109125,5.4230617783592985,27.0
checkpoint,residual_randomized,27,crossing,30,1.0,255.9625335074447,22.0,22.0,218.24363847231538,44.35390114658018,4.241295142452858,0.6818181818181821,0.27326128327964366,0.1923489191696343,0.0,0.0,0.0,0.29678045449338347,0.8712867708948963,0.9946722562162148,3.991548533506229,52.0
checkpoint,residual_randomized,27,fast_speed,30,1.0,225.83210537571355,17.0,17.0,233.96966966188137,30.345774423539776,1.8262350763572819,1.0,0.23668838085518706,0.1892052443321977,0.0,0.0,0.0,0.27384666665574176,0.6943600344171192,0.7480335151837562,4.3721394601662,47.0
checkpoint,residual_randomized,27,noisy_csi,30,1.0,265.85257664321364,27.0,27.0,234.9574815540771,48.12848729711898,1.502382110941635,1.0,0.21246457277577055,0.13573276972470022,0.0,0.0,0.0,0.2690624691577223,0.6817922730836764,0.7762522449470937,3.5230609401790436,74.0
checkpoint,residual_randomized,27,nominal,30,1.0,265.8604107163358,27.0,27.0,234.95745135845516,48.1284245526919,1.4978429445477395,1.0,0.2191921323737305,0.15486562111340246,0.0,0.0,0.0,0.2673062963098076,0.638009443965429,0.705145902400352,3.5040197605342374,74.0
checkpoint,residual_randomized,27,prediction_only,30,1.0,259.6943939957931,27.0,27.0,233.4594516112899,47.572964697625565,3.118079138670681,1.0,1599.1999999999998,445.75,0.0,0.0,0.0,0.2657783950668584,29.488996710895364,19.46472754240153,29.488996710895364,0.0
checkpoint,residual_randomized,27,reverse_goals,30,1.0,186.680431598662,6.0,6.0,58.79270553912193,12.499288991191987,1.2496610646599273,1.0,0.3708930501430599,,0.0,0.0,0.0,0.30708222227783855,1.1466846526145544,,7.353951252207493,18.0
checkpoint,residual_randomized,27,shifted_goals,30,1.0,241.46305386509565,20.0,20.0,179.96192138759062,37.08588013289104,2.2370689198236753,1.0,0.19988428105039321,0.16246242814019157,0.0,0.0,0.0,0.2799039999990782,0.6556339381454723,0.7208090822995263,4.037901731604533,56.0
checkpoint,residual_randomized,27,tight_deadline,30,1.0,265.9006273942455,27.0,27.0,234.95745135845516,48.1203649978194,1.459154926495784,1.0,0.21918909840968415,0.15488504696244948,0.0,0.0,0.0,0.27607012344100285,0.637989490859708,0.7051682168281544,3.5040133479989013,74.0
checkpoint,residual_randomized,27,wide_bounds,30,1.0,265.8604107163358,27.0,27.0,234.95745135845516,48.1284245526919,1.4978429445477395,1.0,0.2191921323737305,0.15486562111340246,0.0,0.0,0.0,0.268463086463327,0.638009443965429,0.705145902400352,3.5040197605342374,74.0
checkpoint,residual_randomized,27,wide_fast,30,1.0,225.83210537571355,17.0,17.0,233.96966966188137,30.345774423539776,1.8262350763572819,1.0,0.23668838085518706,0.1892052443321977,0.0,0.0,0.0,0.2818801959958864,0.6943600344171192,0.7480335151837562,4.3721394601662,47.0
