kind,scenario,method,training_seeds,evaluation_episodes,success_rate_mean,success_rate_std,success_rate_min,success_rate_max,episode_return_mean,episode_return_std,episode_return_min,episode_return_max,restricted_team_time_mean,restricted_team_time_std,restricted_team_time_min,restricted_team_time_max,success_time_mean,success_time_std,success_time_min,success_time_max,total_path_length_mean,total_path_length_std,total_path_length_min,total_path_length_max,total_energy_proxy_mean,total_energy_proxy_std,total_energy_proxy_min,total_energy_proxy_max,goal_distance_mean_mean,goal_distance_mean_std,goal_distance_mean_min,goal_distance_mean_max,communication_rate_mean,communication_rate_std,communication_rate_min,communication_rate_max,rho_pos_mean_mean,rho_pos_mean_std,rho_pos_mean_min,rho_pos_mean_max,rho_prefix_mean_mean,rho_prefix_mean_std,rho_prefix_mean_min,rho_prefix_mean_max,safety_interventions_mean,safety_interventions_std,safety_interventions_min,safety_interventions_max,collisions_mean,collisions_std,collisions_min,collisions_max,boundary_requests_mean,boundary_requests_std,boundary_requests_min,boundary_requests_max,policy_ms_per_step_mean,policy_ms_per_step_std,policy_ms_per_step_min,policy_ms_per_step_max,tracking_rmse_mean,tracking_rmse_std,tracking_rmse_min,tracking_rmse_max,tracking_prefix_rmse_mean,tracking_prefix_rmse_std,tracking_prefix_rmse_min,tracking_prefix_rmse_max,prior_tracking_rmse_mean,prior_tracking_rmse_std,prior_tracking_rmse_min,prior_tracking_rmse_max,measurement_updates_mean,measurement_updates_std,measurement_updates_min,measurement_updates_max,episodes,successes,success_rate,success_ci_low,success_ci_high,episode_return_n,episode_return_ci_low,episode_return_ci_high,restricted_team_time_n,restricted_team_time_ci_low,restricted_team_time_ci_high,success_time_n,success_time_ci_low,success_time_ci_high,total_path_length_n,total_path_length_ci_low,total_path_length_ci_high,total_energy_proxy_n,total_energy_proxy_ci_low,total_energy_proxy_ci_high,goal_distance_mean_n,goal_distance_mean_ci_low,goal_distance_mean_ci_high,communication_rate_n,communication_rate_ci_low,communication_rate_ci_high,rho_pos_mean_n,rho_pos_mean_ci_low,rho_pos_mean_ci_high,rho_prefix_mean_n,rho_prefix_mean_ci_low,rho_prefix_mean_ci_high,safety_interventions_n,safety_interventions_ci_low,safety_interventions_ci_high,collisions_n,collisions_ci_low,collisions_ci_high,boundary_requests_n,boundary_requests_ci_low,boundary_requests_ci_high,policy_ms_per_step_n,policy_ms_per_step_ci_low,policy_ms_per_step_ci_high,tracking_rmse_n,tracking_rmse_ci_low,tracking_rmse_ci_high,tracking_prefix_rmse_n,tracking_prefix_rmse_ci_low,tracking_prefix_rmse_ci_high,prior_tracking_rmse_n,prior_tracking_rmse_ci_low,prior_tracking_rmse_ci_high,measurement_updates_n,measurement_updates_ci_low,measurement_updates_ci_high
checkpoint,bs_only,pure_fixed_cpu,3,90,0.6444444444444445,0.5581052602166382,0.0,0.9666666666666667,147.83363264094055,118.17172053013547,16.218522903650715,244.82856796520102,71.18888888888888,36.84933790047935,29.666666666666668,100.0,55.29310344827586,39.67112872381078,27.24137931034483,83.34482758620689,278.09706074298,32.056622080388465,242.33131462862045,304.240416405143,82.45486818768563,13.98222686729869,66.47783962761554,92.45673463801722,4.897591559633197,0.16206592540402165,4.789158396916308,5.083895426884234,1.0,0.0,1.0,1.0,6.689530856194306,6.260304592901647,2.9802949565362207,13.917470904727391,17.506138831075894,0.09940059551441487,17.40093592440204,17.598486223943166,0.0,0.0,0.0,0.0,0.0,0.0,0.0,0.0,38.68888888888889,28.60132734552587,5.733333333333333,57.03333333333333,0.21720362176512972,0.023091330664673913,0.19054007583770743,0.23056765612204588,2.7006330045553777,1.1754282374690803,1.998674928747042,4.057630276039466,4.731859398572047,0.009527828963895726,4.721917540715443,4.74091066100811,4.069396609093254,1.7094680439668415,3.0083595451456255,6.041418264560343,71.18888888888888,36.84933790047935,29.666666666666668,100.0,,,,,,,,,,,,,,,,,,,,,,,,,,,,,,,,,,,,,,,,,,,,,,,,,,,,,,,,
checkpoint,bs_only,pure_randomized,3,90,0.7666666666666666,0.3756475889861548,0.3333333333333333,1.0,171.0090077718212,108.92238009230196,48.90996905364445,258.1919050802827,64.28888888888889,35.11116209560293,29.7,99.9,63.800000000000004,35.034697087316175,29.7,99.7,371.3774459108052,103.37378176025189,252.51405648357482,440.28330263586577,79.63084506395296,16.48487465710243,65.21181567955564,97.60231990146404,5.030805665743475,1.5719812723877062,3.9823325388649327,6.838262084623668,0.9988381967826413,0.0010326880323154194,0.9980246913580246,1.0,6.824826752941583,3.300162520610301,3.5472431140844365,10.147113977817671,17.852493205362673,0.30840559059500766,17.59275757756856,18.193351685051024,0.0,0.0,0.0,0.0,0.0,0.0,0.0,0.0,32.25555555555556,27.698502433110658,2.466666666666667,57.233333333333334,0.2341883655059961,0.006224855222343755,0.22977001868989583,0.24130747588906257,2.8374700534989294,0.6135958670071158,2.179648697521696,3.3943131463025953,4.750488895725037,0.023445478695970953,4.72859879178361,4.775229163654856,4.251878955926278,0.7111462794191082,3.482443886816188,4.885003991473752,64.28888888888889,35.11116209560293,29.7,99.9,,,,,,,,,,,,,,,,,,,,,,,,,,,,,,,,,,,,,,,,,,,,,,,,,,,,,,,,
checkpoint,bs_only,residual_randomized,3,90,1.0,0.0,1.0,1.0,263.6111819427606,1.0440207454777384,262.7927115783456,264.78694110627504,27.01111111111111,0.019245008972988482,27.0,27.033333333333335,27.01111111111111,0.019245008972988482,27.0,27.033333333333335,234.33746026737302,1.11610943615337,233.05017667773973,235.03473035105074,47.96283921595008,0.46309406927593666,47.4373539088587,48.31134323038663,2.5105853278458854,0.9905280224831101,1.3858167277253413,3.2527402052024836,1.0,0.0,1.0,1.0,9.936992257992264,0.35122913720955645,9.710268289893243,10.341574242285654,17.446374931397695,0.004111304125111294,17.441669869482084,17.44927483415498,0.0,0.0,0.0,0.0,0.0,0.0,0.0,0.0,0.011111111111111112,0.019245008972987525,0.0,0.03333333333333333,0.2627047868920271,0.004303151037169306,0.2579937433587494,0.2664283950847967,3.424292573127122,0.02634086313101749,3.4077347452884164,3.4546671839903333,4.725856585438987,0.0005548280654120462,4.7252165453109125,4.726201011609009,5.432329570182932,0.014014351812984938,5.4230617783592985,5.448451855136449,27.01111111111111,0.019245008972988482,27.0,27.033333333333335,,,,,,,,,,,,,,,,,,,,,,,,,,,,,,,,,,,,,,,,,,,,,,,,,,,,,,,,
checkpoint,crossing,pure_fixed_cpu,3,90,0.0,0.0,0.0,0.0,-134.1937287116228,3.923440956050166,-137.98795620292367,-130.1527242869021,100.0,0.0,100.0,100.0,,,,,375.97881758247075,46.93560567609986,342.21473576651533,429.5751767399603,100.22107669590086,5.023749377633453,94.72065236897939,104.56723903938928,33.03852523342896,3.207009712059206,29.8170463664251,36.230867248279225,0.979722222222222,0.016123079845479473,0.9699999999999999,0.9983333333333333,0.256170027401847,0.007152222700571351,0.247911362743773,0.2603108969609506,0.20134156786696897,0.060147103343421604,0.13235910455028158,0.242814121511559,0.0,0.0,0.0,0.0,0.0,0.0,0.0,0.0,71.33333333333333,0.5773502691896257,71.0,72.0,0.24422882220905093,0.007259174454127946,0.23815513332192495,0.25226849997307,0.6379081045720248,0.008025401113193033,0.6317474145024385,0.6469835714927779,1.0027410793712102,0.056567130057053716,0.939721863249833,1.049125969025099,2.0000909105840576,0.007682715118038693,1.9927391136854404,2.0080665094131662,295.94444444444446,3.2246159690958835,294.0,299.6666666666667,,,,,,,,,,,,,,,,,,,,,,,,,,,,,,,,,,,,,,,,,,,,,,,,,,,,,,,,
checkpoint,crossing,pure_randomized,3,90,0.0,0.0,0.0,0.0,-49.87049676096549,10.855313432184373,-62.3795213180005,-42.92240090090664,100.0,0.0,100.0,100.0,,,,,740.609275260334,80.55161952398929,650.6498514825801,806.0594527794402,143.01148760854923,19.57044042094106,120.56064562529401,156.46668638098436,20.15777528062296,3.782289353659672,16.90589589415627,24.308526471119432,0.9771111111111112,0.020759424455020485,0.9595000000000001,1.0,0.2520436411779413,0.005595005113966401,0.24633858995354202,0.25752169057036944,0.1722640800816818,0.020426385738832285,0.1503520275442115,0.19077879006836201,0.0,0.0,0.0,0.0,0.0,0.0,0.0,0.0,7.3,6.326926584053272,0.0,11.2,0.23872974444525932,0.007220770459661036,0.2312433999904897,0.24565183332136561,0.6335608182788088,0.011547646628470576,0.6221528516035361,0.645243251658716,0.9814900985240197,0.05472555405615096,0.9185920562024917,1.0182082250018332,1.9935271281374922,0.013232020080516634,1.9813675935141335,2.0076191138510064,294.0,1.9427929494530602,291.9,295.73333333333335,,,,,,,,,,,,,,,,,,,,,,,,,,,,,,,,,,,,,,,,,,,,,,,,,,,,,,,,
checkpoint,crossing,residual_randomized,3,90,1.0,0.0,1.0,1.0,256.4923996003684,0.45890593370112825,255.9625335074447,256.7624413319281,22.0,0.0,22.0,22.0,22.0,0.0,22.0,22.0,219.3804964237983,0.9858717431346921,218.24363847231538,219.99999978180688,45.15589833561072,0.7342116929025699,44.35390114658018,45.79494564695762,3.885824567327235,0.30858533222910245,3.686748943969523,4.241295142452858,0.7055555555555556,0.022794513326053808,0.6818181818181821,0.7272727272727271,0.27011546822376414,0.0035911048985690416,0.2662029196724668,0.27326128327964366,0.21705951012391253,0.021401109977767372,0.1923489191696343,0.22963281775266745,0.0,0.0,0.0,0.0,0.0,0.0,0.0,0.0,0.0,0.0,0.0,0.0,0.2927426767540726,0.008878383932538182,0.28256303029400337,0.29888454547483095,0.8804500041513084,0.008118988675380752,0.8712867708948963,0.8867475299634163,1.033897646703504,0.03397039945493873,0.9946722562162148,1.0536311515819683,3.995448637170568,0.0037846421036165294,3.991548533506229,3.9991061460030815,53.044444444444444,1.0029585863463784,52.0,54.0,,,,,,,,,,,,,,,,,,,,,,,,,,,,,,,,,,,,,,,,,,,,,,,,,,,,,,,,
checkpoint,fast_speed,pure_fixed_cpu,3,90,1.0,0.0,1.0,1.0,196.04356779699378,34.99733942449051,156.61669331931986,223.43521729418273,61.044444444444444,38.595571613180546,18.0,92.56666666666666,61.044444444444444,38.595571613180546,18.0,92.56666666666666,278.4011432379472,34.08382855431394,239.04585090587454,298.35824067467763,48.905175393167134,11.488845257230683,38.88957680715281,61.44685841685815,3.988053039321693,0.795791314135246,3.1433653816602503,4.723703245998319,1.0,0.0,1.0,1.0,0.27642654324662613,0.026398669721619437,0.2484015939935621,0.3008236905975889,0.20586700428487326,0.0070192970206013235,0.19805680974528178,0.2116485813983455,0.0,0.0,0.0,0.0,0.0,0.0,0.0,0.0,19.788888888888888,30.91246302659124,1.0,55.46666666666667,0.19817827324654547,0.02700032567927074,0.16924113072911345,0.22269666659229656,0.6311438240912522,0.0647838670351825,0.5752887261768727,0.7021655194695455,0.7689415925123685,0.016981689889543683,0.7520191915191423,0.785981956719564,2.8449185564135355,1.2303792317758713,2.0207520346399974,4.259197013994124,141.53333333333333,80.80351339996163,50.0,202.96666666666667,,,,,,,,,,,,,,,,,,,,,,,,,,,,,,,,,,,,,,,,,,,,,,,,,,,,,,,,
checkpoint,fast_speed,pure_randomized,3,90,0.3333333333333333,0.5773502691896258,0.0,1.0,17.091256115274916,139.95035588754703,-127.36649565810497,152.05027290318148,92.73333333333333,12.58623586833384,78.2,100.0,78.2,,78.2,78.2,421.3519008542592,155.37675947918692,307.0962863879962,598.2761116580139,49.981347989526505,5.727742539466178,46.187974342579345,56.570024996216105,8.165786098399535,3.63973063811858,4.097227657448893,11.112623962188287,0.9999444444444444,9.622504486492703e-05,0.9998333333333334,1.0,0.28516347709129425,0.02532403374106517,0.26244085259226474,0.31246431370089217,0.18348970585208635,0.015229059790751247,0.17015533078654785,0.20008514062789579,0.0,0.0,0.0,0.0,0.0,0.0,0.0,0.0,43.75555555555556,30.18580117526438,8.9,61.2,0.19927765493588642,0.04581847940865882,0.17192206479784378,0.25217390001853346,0.5929949555355083,0.0268465566839843,0.5736281556706522,0.6236410104293753,0.7760016665889627,0.010712414764431613,0.7637182399898961,0.7834058787297702,2.0370416373108777,0.13068898906931867,1.957207724606827,2.187861802140981,230.08888888888887,65.3814986855637,170.4,299.96666666666664,,,,,,,,,,,,,,,,,,,,,,,,,,,,,,,,,,,,,,,,,,,,,,,,,,,,,,,,
checkpoint,fast_speed,residual_randomized,3,90,1.0,0.0,1.0,1.0,225.4691602141675,0.32055417067730796,225.22477433097484,225.83210537571355,17.0,0.0,17.0,17.0,17.0,0.0,17.0,17.0,233.36733660839388,0.9800840642268017,232.2364346163007,233.96966966188137,30.31158948620411,0.2743057919998201,30.021793497080143,30.5672005379924,2.38312008586159,0.49478281648851863,1.8262350763572819,2.7721037600229326,1.0,0.0,1.0,1.0,0.2377367919206876,0.0009155481815812108,0.23668838085518706,0.23837870111140436,0.19139441096174958,0.0019573126655246845,0.1892052443321977,0.1929755484581597,0.0,0.0,0.0,0.0,0.0,0.0,0.0,0.0,0.0,0.0,0.0,0.0,0.27347359475980243,0.004144182213205007,0.2691554901948799,0.27741862742878565,0.6941388495253976,0.000194984435468141,0.6939918309511345,0.6943600344171192,0.7483601122875928,0.0003021053576334388,0.7480335151837562,0.7486295635405364,4.371440863347896,0.0006215667328923361,4.37094902698755,4.3721394601662,47.0,0.0,47.0,47.0,,,,,,,,,,,,,,,,,,,,,,,,,,,,,,,,,,,,,,,,,,,,,,,,,,,,,,,,
checkpoint,noisy_csi,pure_fixed_cpu,3,90,1.0,0.0,1.0,1.0,239.48391914347155,30.271443444116475,205.25106170475166,262.71948929570857,65.24444444444445,34.49317699573727,27.0,94.0,65.24444444444445,34.49317699573727,27.0,94.0,264.55282133581426,26.835694902089934,234.58273523412447,286.35695341460354,72.04825029646908,11.028499535150525,62.76037493524424,84.2373407556924,4.404142741802077,0.3375453896031942,4.027143709858656,4.678320069823727,1.0,0.0,1.0,1.0,0.25354895204631583,0.031479001585901945,0.2183712210479232,0.2790639119304386,0.15836835909513106,0.008800711939093141,0.14894872728775815,0.16638051251867267,0.0,0.0,0.0,0.0,0.0,0.0,0.0,0.0,15.577777777777778,26.98150258012851,0.0,46.733333333333334,0.2122705339483674,0.039800339243448446,0.18002706305858773,0.2567530864235991,0.6401188283916165,0.061940125105476,0.589108602537231,0.7090410663018785,0.8216856240512215,0.023910922436538612,0.795470105881552,0.8422961937486174,2.5956359674052716,0.8273479692520679,2.0126285678433216,3.542564293873046,157.82222222222222,73.43860121317772,75.0,215.0,,,,,,,,,,,,,,,,,,,,,,,,,,,,,,,,,,,,,,,,,,,,,,,,,,,,,,,,
checkpoint,noisy_csi,pure_randomized,3,90,0.35555555555555557,0.5590998055737388,0.0,1.0,95.19650846015503,95.80652473450375,16.08953761421357,201.72353757306055,93.57777777777778,11.094760191356265,80.76666666666667,100.0,90.13333333333333,13.24646703422799,80.76666666666667,99.5,352.67214052309674,83.32458264976124,278.9999696431279,443.1020176010255,73.03428204543417,3.903252107127229,69.64493664096327,77.30181897041577,6.27583646499622,3.3168037561558275,2.8262276438044434,9.441590698596475,1.0,0.0,1.0,1.0,0.274747622518207,0.015438498397288438,0.2645860089783929,0.29251320127911484,0.14163788913218944,0.014818036890214777,0.125416388538277,0.15446259807778054,0.0,0.0,0.0,0.0,0.0,0.0,0.0,0.0,39.93333333333334,29.790733085605293,5.866666666666666,61.1,0.19482775184443069,0.03877956982846114,0.16900159999810663,0.23942067067579623,0.6152834431678667,0.019255764736898866,0.5981769452308704,0.6361375161677643,0.8397441469487662,0.028118929052719267,0.809983939045574,0.8658679909472036,2.0396271517928612,0.1108663236288619,1.9723895174355912,2.1675893158991313,232.9,52.98686420026929,182.53333333333333,288.1666666666667,,,,,,,,,,,,,,,,,,,,,,,,,,,,,,,,,,,,,,,,,,,,,,,,,,,,,,,,
checkpoint,noisy_csi,residual_randomized,3,90,1.0,0.0,1.0,1.0,264.69252048162224,1.0170092852670969,263.95434638353606,265.85257664321364,27.0,0.0,27.0,27.0,27.0,0.0,27.0,27.0,234.0253042829074,1.401524327802657,232.4135478975981,234.9574815540771,47.83923519438523,0.5473155979996495,47.20798374334034,48.18123454269639,2.6292204744711465,0.9910571369585128,1.502382110941635,3.365471150978626,1.0,0.0,1.0,1.0,0.21287259161334857,0.0007151586087402967,0.21245483555642222,0.21369836650785284,0.13638720391629286,0.0007314334303715587,0.13573276972470022,0.13717678643004447,0.0,0.0,0.0,0.0,0.0,0.0,0.0,0.0,0.0,0.0,0.0,0.0,0.2666093827339168,0.009087008416705568,0.25654765433927545,0.27421802470475265,0.6757161034073181,0.005949707247348014,0.669901485141063,0.6817922730836764,0.7677904002781517,0.008626393811910315,0.7590083727155863,0.7762522449470937,3.518549759744316,0.003969281348618041,3.5155926477963644,3.5230609401790436,74.0,0.0,74.0,74.0,,,,,,,,,,,,,,,,,,,,,,,,,,,,,,,,,,,,,,,,,,,,,,,,,,,,,,,,
checkpoint,nominal,pure_fixed_cpu,3,90,1.0,0.0,1.0,1.0,241.13747722207665,31.179741797507283,205.3774865662061,262.63598049918943,54.88888888888889,24.8391342963597,27.0,74.63333333333334,54.88888888888889,24.8391342963597,27.0,74.63333333333334,259.4427716405807,25.719982484444593,234.61499735370813,285.9706134732676,71.77568161703606,11.091389167678333,62.766397997754176,84.16343957255462,4.45882118440602,0.3079325134274204,4.108547501175199,4.6869079358671,1.0,0.0,1.0,1.0,0.24882207361507314,0.028973353459123576,0.2261133206060722,0.2814529539030774,0.18037085832548713,0.007875262634790813,0.1719315377119935,0.18752363340222308,0.0,0.0,0.0,0.0,0.0,0.0,0.0,0.0,15.700000000000001,26.790068640781374,0.0,46.63333333333333,0.21652666454733516,0.0399405014685692,0.1927177268767681,0.26263777780749714,0.5981232930002217,0.04650408104976277,0.5511447789169199,0.644137957145334,0.7366040617654566,0.020830929155563175,0.7159275983372343,0.7575860947065792,2.758007165168216,0.6679020126944643,2.2240856329354006,3.506931567490654,136.03333333333333,55.414388424347386,75.03333333333333,183.26666666666668,,,,,,,,,,,,,,,,,,,,,,,,,,,,,,,,,,,,,,,,,,,,,,,,,,,,,,,,
checkpoint,nominal,pure_randomized,3,90,0.3333333333333333,0.5773502691896258,0.0,1.0,89.81294527261907,102.34725726462779,0.9607690752298242,201.72183976177863,93.55555555555556,11.162105204332763,80.66666666666667,100.0,80.66666666666667,,80.66666666666667,80.66666666666667,346.5295039194234,71.79583275502151,278.8368938967377,421.823661857359,72.1005164826508,2.34549676945205,69.58172075316394,74.22195039672688,6.4309721950512335,3.156649134494163,3.0254078143882634,9.25893534646075,1.0,0.0,1.0,1.0,0.27497781839460694,0.017301221435532026,0.26202739951962845,0.2946267612202919,0.15850393744525404,0.016162864522584836,0.14358912327081141,0.17567728134689606,0.0,0.0,0.0,0.0,0.0,0.0,0.0,0.0,40.355555555555554,29.214937833111893,7.0,61.4,0.1910823845985691,0.03341267768732299,0.16955663331646065,0.22957409999253287,0.5812886178727076,0.01836420464573677,0.5703285062721858,0.6024897098203915,0.7400488937112444,0.014521980435544661,0.7233982978912252,0.7500935403058181,2.021097932249926,0.11118091888760469,1.9551159367282926,2.1494617716635394,233.6888888888889,54.117827554875646,182.33333333333334,290.2,,,,,,,,,,,,,,,,,,,,,,,,,,,,,,,,,,,,,,,,,,,,,,,,,,,,,,,,
checkpoint,nominal,residual_randomized,3,90,1.0,0.0,1.0,1.0,264.69654887584005,1.0205154581643252,263.95486498212784,265.8604107163358,27.0,0.0,27.0,27.0,27.0,0.0,27.0,27.0,234.0238292593698,1.403511478375739,232.40980122860384,234.95745135845516,47.838516508498195,0.5480965301121081,47.206351237809145,48.180773734993544,2.6278418916762845,0.9940328808753733,1.4978429445477395,3.367278038212955,1.0,0.0,1.0,1.0,0.2203386215381569,0.001074564374235177,0.2191921323737305,0.22132279256301535,0.1574099013770863,0.0022055114996731326,0.15486562111340246,0.1587782674413064,0.0,0.0,0.0,0.0,0.0,0.0,0.0,0.0,0.0,0.0,0.0,0.0,0.27100423868196905,0.005846181962126248,0.2673062963098076,0.27774419751814866,0.638040277544142,0.0010161664492093303,0.6370398787890632,0.6390715098779339,0.7066071813865372,0.0019287549543633125,0.705145902400352,0.7087933597720615,3.5034542805223885,0.0006772495116610672,3.5027037358903703,3.5040197605342374,74.0,0.0,74.0,74.0,,,,,,,,,,,,,,,,,,,,,,,,,,,,,,,,,,,,,,,,,,,,,,,,,,,,,,,,
checkpoint,prediction_only,pure_fixed_cpu,3,90,0.0,0.0,0.0,0.0,-269.53562832673407,17.040625603766117,-289.1339390744249,-258.21575508114586,100.0,0.0,100.0,100.0,,,,,339.97210708028126,11.219133756222622,333.1934176332435,352.92209975650076,151.0395029260267,9.267431131944171,140.45650502516625,157.70409923575644,58.981971140574444,11.699323181238874,50.49429951285962,72.32766037305693,1.0,0.0,1.0,1.0,35953.0,0.0,35953.0,35953.0,445.75,0.0,445.75,445.75,0.0,0.0,0.0,0.0,0.0,0.0,0.0,0.0,167.26666666666668,3.780652501002081,164.33333333333334,171.53333333333333,0.2483704000023863,0.007261187418355926,0.24077003333695757,0.2552366333408524,114.25676331422305,0.0,114.25676331422305,114.25676331422305,19.46472754240153,0.0,19.46472754240153,19.46472754240153,114.25676331422305,0.0,114.25676331422305,114.25676331422305,0.0,0.0,0.0,0.0,,,,,,,,,,,,,,,,,,,,,,,,,,,,,,,,,,,,,,,,,,,,,,,,,,,,,,,,
checkpoint,prediction_only,pure_randomized,3,90,0.0,0.0,0.0,0.0,-318.5535354145297,38.75338475660137,-348.5442647851878,-274.79635673989975,100.0,0.0,100.0,100.0,,,,,382.6927928923771,31.034925433466636,347.152940917546,404.44465155955464,125.66015113575774,13.351493504006406,113.70656589881482,140.0688017211829,109.47376609384753,35.61331651605093,71.33469885665232,141.8612190687092,0.8709999999999999,0.08869939872024672,0.8136666666666666,0.9731666666666664,35953.0,0.0,35953.0,35953.0,445.75,0.0,445.75,445.75,0.0,0.0,0.0,0.0,0.0,0.0,0.0,0.0,158.27777777777777,6.253384268923096,152.33333333333334,164.8,0.23594765555976158,0.0052406777781754225,0.23044109999561138,0.24087419999341364,114.25676331422305,0.0,114.25676331422305,114.25676331422305,19.46472754240153,0.0,19.46472754240153,19.46472754240153,114.25676331422305,0.0,114.25676331422305,114.25676331422305,0.0,0.0,0.0,0.0,,,,,,,,,,,,,,,,,,,,,,,,,,,,,,,,,,,,,,,,,,,,,,,,,,,,,,,,
checkpoint,prediction_only,residual_randomized,3,90,1.0,0.0,1.0,1.0,260.28592243623905,1.3638575332851666,259.3176937968277,261.84567951609625,27.333333333333332,0.5773502691896258,27.0,28.0,27.333333333333332,0.5773502691896258,27.0,28.0,237.19693454473781,5.196759290919523,233.4594516112899,243.13135223066536,48.52466775953576,1.2317310183177403,47.572964697625565,49.91586472416556,2.02435401120989,1.056943595003186,1.0084991530983218,3.118079138670681,1.0,0.0,1.0,1.0,1637.8666666666666,66.97263122599672,1599.1999999999998,1715.2,445.75,0.0,445.75,445.75,0.0,0.0,0.0,0.0,0.0,0.0,0.0,0.0,0.3333333333333333,0.5773502691896258,0.0,1.0,0.26442097149801,0.0030297446495130484,0.26094987657685403,0.26653464285031764,29.735865401500998,0.42758911492695983,29.488996710895364,30.229602782712266,19.46472754240153,0.0,19.46472754240153,19.46472754240153,29.735865401500998,0.42758911492695983,29.488996710895364,30.229602782712266,0.0,0.0,0.0,0.0,,,,,,,,,,,,,,,,,,,,,,,,,,,,,,,,,,,,,,,,,,,,,,,,,,,,,,,,
checkpoint,reverse_goals,pure_fixed_cpu,3,90,0.0,0.0,0.0,0.0,-311.57288904292596,3.5357357266529497,-314.0207017868867,-307.5192147110931,100.0,0.0,100.0,100.0,,,,,271.1490714355087,18.34157787370881,251.19239762954354,287.26840637212166,65.9641371387386,3.335248863149192,63.468651678297675,69.75221433841065,117.4910001024594,2.3460202698467656,114.78260784812801,118.89283711584886,1.0,0.0,1.0,1.0,0.20352811129917894,0.013186276797409639,0.18864275365014846,0.2137452254758408,0.1770752784326126,0.004948909050233415,0.1718604689762061,0.18170654643127468,0.0,0.0,0.0,0.0,0.0,0.0,0.0,0.0,73.9888888888889,0.9833804131855785,73.0,74.96666666666667,0.2494416333207078,0.00407243910648716,0.2447973333188808,0.25240223331638845,0.5120590476394429,0.018077998129788886,0.4912108715870462,0.5233937304420686,0.7433582669845343,0.023934086010708407,0.7162819431363127,0.7616917378994876,1.9280530933864972,0.008341068043505772,1.9186427085398567,1.934535055036527,300.0,0.0,300.0,300.0,,,,,,,,,,,,,,,,,,,,,,,,,,,,,,,,,,,,,,,,,,,,,,,,,,,,,,,,
checkpoint,reverse_goals,pure_randomized,3,90,0.12222222222222222,0.21169509870286277,0.0,0.36666666666666664,-61.006462686573094,67.79072899929862,-135.37893941083865,-2.674681822998567,97.78888888888889,3.829756785624521,93.36666666666666,100.0,81.9090909090909,,81.9090909090909,81.9090909090909,604.1617601671438,186.1741677924892,420.88745788495163,793.1062509361306,107.04396726675652,36.02685201020292,68.72133977226324,140.221922273727,19.594450493634465,5.135499991060106,14.976519602814518,25.125122920426595,0.8665370811449189,0.13513750181976036,0.7114247601421767,0.9588333333333331,0.2003922771355566,0.027063649893723705,0.16914687428797123,0.21649948474004174,0.3246182878194325,0.09423546776823341,0.21839891014381363,0.3981829574724598,0.7888888888888889,0.6834010806525236,0.0,1.2,0.0,0.0,0.0,0.0,2.588888888888889,1.9242122005102746,0.43333333333333335,4.133333333333334,0.2441394785063078,0.08618856865031871,0.17909539998496862,0.34189510001548723,0.5387477177904106,0.01894597515867197,0.5183374949584991,0.5557731721359267,0.9598900183738645,0.09672618611104956,0.8486241794327924,1.0239425514426572,1.9574183745816576,0.03198958738972526,1.9350509409939112,1.994060039788319,236.75555555555556,48.09830596847498,202.63333333333333,291.76666666666665,,,,,,,,,,,,,,,,,,,,,,,,,,,,,,,,,,,,,,,,,,,,,,,,,,,,,,,,
checkpoint,reverse_goals,residual_randomized,3,90,1.0,0.0,1.0,1.0,185.8596705855143,0.7509705459101472,185.20696740089085,186.680431598662,6.333333333333333,0.5773502691896258,6.0,7.0,6.333333333333333,0.5773502691896258,6.0,7.0,57.06949106003115,1.4951317300317322,56.11668193214674,58.79270553912193,11.503383396564773,0.9883298482311456,10.522807636839243,12.499288991191987,2.030212290411997,0.6959581606298026,1.2496610646599273,2.5860554101543385,1.0,0.0,1.0,1.0,0.359416223731754,0.019832298878280936,0.33651587822111206,0.3708930501430599,,,,,0.0,0.0,0.0,0.0,0.0,0.0,0.0,0.0,0.0,0.0,0.0,0.0,0.2986796560955034,0.01150820410252173,0.28556285715673024,0.30708222227783855,1.1198725737574062,0.057944898706451566,1.0533774996171377,1.1595555690405261,,,,,7.169919138959326,0.3228066512195065,6.797183880922848,7.358622283747637,18.666666666666668,1.1547005383792515,18.0,20.0,,,,,,,,,,,,,,,,,,,,,,,,,,,,,,,,,,,,,,,,,,,,,,,,,,,,,,,,
checkpoint,shifted_goals,pure_fixed_cpu,3,90,0.0,0.0,0.0,0.0,-15.868727262135229,111.23436854997156,-144.3104684634227,48.70439977496039,100.0,0.0,100.0,100.0,,,,,262.5981246123588,66.67868693398616,214.13351494154065,338.6419484211773,66.3922984234622,20.410852442678298,51.88773566345618,89.73234353223036,14.832011591299498,8.93819625963549,9.63305244633162,25.152855695553583,1.0,0.0,1.0,1.0,0.26171028899850907,0.005651223170443018,0.2553730762601549,0.266226531948439,0.18173157185520059,0.007322330351745399,0.17414181760436565,0.18875340491292356,0.0,0.0,0.0,0.0,0.0,0.0,0.0,0.0,24.333333333333332,42.146569650842686,0.0,73.0,0.20521252221927475,0.05555522937309892,0.17188816663838224,0.2693457333304347,0.5611127800049602,0.002049839399055683,0.5590016436530983,0.5630952618984542,0.7394846653494321,0.021394402197909064,0.7187656549938392,0.7614958829687335,1.9514767924895997,0.0015267496264858992,1.9504778972220052,1.9532342626213108,247.0,45.902069670114,220.0,300.0,,,,,,,,,,,,,,,,,,,,,,,,,,,,,,,,,,,,,,,,,,,,,,,,,,,,,,,,
checkpoint,shifted_goals,pure_randomized,3,90,0.3333333333333333,0.5773502691896258,0.0,1.0,62.62898642530118,155.60379567336955,-63.822552917820666,236.39907922688954,76.36666666666666,40.934134085544464,29.1,100.0,29.1,,29.1,29.1,527.362387613804,267.8610697311799,234.4179863252531,759.7836196243571,104.06169254783491,44.91333033431852,54.54340695890467,142.1685612148775,13.322628492651717,7.817521468331971,4.3340757536702395,18.536683753012877,1.0,0.0,1.0,1.0,0.2391209702856459,0.03810331942189038,0.20657276610071282,0.2810333982637575,0.16167968294032153,0.016128802144955094,0.14552579978881208,0.1777832865232024,0.0,0.0,0.0,0.0,0.0,0.0,0.0,0.0,5.777777777777778,10.007404665953512,0.0,17.333333333333332,0.2511157218492188,0.04683658274511479,0.20851656667036877,0.3012709655507989,0.585940469965961,0.04113681613863647,0.545130898309029,0.627396901523616,0.7516322684568312,0.015466066109869838,0.7338242617738221,0.7617004772777489,2.431905664861722,0.829667852287605,1.942703873763079,3.3898507626086483,213.65555555555557,117.33156406494344,80.06666666666666,300.0,,,,,,,,,,,,,,,,,,,,,,,,,,,,,,,,,,,,,,,,,,,,,,,,,,,,,,,,
checkpoint,shifted_goals,residual_randomized,3,90,1.0,0.0,1.0,1.0,240.83976049372924,0.5534374425623388,240.40595803561604,241.46305386509565,20.0,0.0,20.0,20.0,20.0,0.0,20.0,20.0,179.73761484452334,0.3086820270445413,179.38556675255114,179.96192138759062,37.08753429243436,0.1617250089496515,36.926642708048426,37.25008003636363,2.8409943597855043,0.5346654753947228,2.2370689198236753,3.2539648173537077,1.0,0.0,1.0,1.0,0.20095389294530572,0.0009752497125119617,0.19988428105039321,0.20179375593242987,0.16428364781088542,0.0017107810261402143,0.16246242814019157,0.16585693471895308,0.0,0.0,0.0,0.0,0.0,0.0,0.0,0.0,0.0,0.0,0.0,0.0,0.2751535555418943,0.012303841985046582,0.2611826666361594,0.28437399999044527,0.6554756923723227,0.0007914644297666694,0.654617060249083,0.656176078722413,0.7211833100623769,0.001257823365314584,0.7201550701663095,0.7225857777212945,4.037259706507478,0.0006797760124589825,4.036547607960507,4.037901731604533,56.0,0.0,56.0,56.0,,,,,,,,,,,,,,,,,,,,,,,,,,,,,,,,,,,,,,,,,,,,,,,,,,,,,,,,
checkpoint,tight_deadline,pure_fixed_cpu,3,90,0.09999999999999999,0.17320508075688773,0.0,0.3,74.17636066964059,73.6309707185189,-5.520647878491347,139.67267128870665,30.0,0.0,30.0,30.0,30.0,,30.0,30.0,250.21059045964515,9.71321220932214,239.10071935525522,257.097653804586,65.68569865632092,2.7650796945942653,62.732986148698295,68.21409214947036,6.4162130346663275,1.6204131908889063,4.587660417078923,7.674052151025772,1.0,0.0,1.0,1.0,0.22319127544238962,0.012239010799442512,0.212241581859739,0.23640379263141315,0.1799600320553706,0.008020399222234331,0.1713365276559635,0.1871963667191315,0.0,0.0,0.0,0.0,0.0,0.0,0.0,0.0,2.022222222222222,1.6935607896229021,0.06666666666666667,3.0,0.2526998888970411,0.023857799432371863,0.2318806666901057,0.2787336666592132,0.629089605409536,0.014185147266350093,0.6135336871459102,0.6413092374468637,0.736183932183388,0.020941331179977752,0.7153380185082052,0.7572193940916321,3.3338246592254825,0.004927793629513945,3.328934010099519,3.3387887758402446,86.02222222222223,4.590005244893315,81.0,90.0,,,,,,,,,,,,,,,,,,,,,,,,,,,,,,,,,,,,,,,,,,,,,,,,,,,,,,,,
checkpoint,tight_deadline,pure_randomized,3,90,0.0,0.0,0.0,0.0,20.848157144775012,57.78022757396561,-15.465021681065467,87.47710446579741,30.0,0.0,30.0,30.0,,,,,261.16376154352633,11.852620683107418,247.9302799977109,270.803884807957,64.26928275484413,1.0970747319610816,63.0662234047954,65.21440974898309,11.196107801326997,5.259343129214629,5.777864868152494,16.28066034219225,1.0,0.0,1.0,1.0,0.21344165994156605,0.01675527964043023,0.20241914553808954,0.2327230851886798,0.15838933187230955,0.016334056086420027,0.1433063237188785,0.17573790161705058,0.0,0.0,0.0,0.0,0.0,0.0,0.0,0.0,3.3444444444444446,0.6850250063021492,2.9,4.133333333333334,0.22988914816138548,0.01394238804232734,0.21752200001073005,0.2449991111643612,0.6348602710409559,0.012865859907346178,0.6249979677053498,0.6494133549909373,0.7399665992315206,0.014693767910285663,0.7231232657422008,0.7501584080967489,3.3380407840395994,0.0031682338795709533,3.334396433440436,3.340139974588659,87.0,5.196152422706632,81.0,90.0,,,,,,,,,,,,,,,,,,,,,,,,,,,,,,,,,,,,,,,,,,,,,,,,,,,,,,,,
checkpoint,tight_deadline,residual_randomized,3,90,1.0,0.0,1.0,1.0,264.7630613538466,0.9903804058961987,264.09273535663,265.9006273942455,27.0,0.0,27.0,27.0,27.0,0.0,27.0,27.0,234.01408186560408,1.3420757662540697,232.47763993449516,234.95745135845516,47.82634382117872,0.522542039045442,47.223028681779944,48.13563778393681,2.563490558276791,0.9633935653647292,1.459154926495784,3.231672472751467,1.0,0.0,1.0,1.0,0.22034331954371522,0.0010857354543686519,0.21918909840968415,0.22134428345469553,0.15740125091061266,0.002180611938484963,0.15488504696244948,0.15874063446132283,0.0,0.0,0.0,0.0,0.0,0.0,0.0,0.0,0.0,0.0,0.0,0.0,0.2666170370293501,0.00832751914393693,0.2603650617329325,0.27607012344100285,0.6380512539367018,0.0010379985831584246,0.637045515945005,0.6391187550053925,0.706596199541769,0.001922978505894727,0.7051682168281544,0.7087827720886458,3.503458564406927,0.0006761292589569479,3.5027054498456924,3.5040133479989013,74.0,0.0,74.0,74.0,,,,,,,,,,,,,,,,,,,,,,,,,,,,,,,,,,,,,,,,,,,,,,,,,,,,,,,,
checkpoint,wide_bounds,pure_fixed_cpu,3,90,0.6666666666666666,0.5773502691896258,0.0,1.0,133.09340441336207,218.53284840138394,-119.21627054329254,262.63598049918943,63.34444444444444,36.500994405530825,27.0,100.0,45.016666666666666,25.479414348755263,27.0,63.03333333333333,291.9949428072039,80.06700401839747,234.61499735370813,383.4653386553156,78.03534029702679,21.703575733048027,62.766397997754176,102.8799756061435,15.463178719431957,19.256034612354387,4.108547501175199,37.69643378892416,1.0,0.0,1.0,1.0,0.24672850059489024,0.025448218171038147,0.2261133206060722,0.27517093477396853,0.18037085832548713,0.007875262634790813,0.1719315377119935,0.18752363340222308,0.0,0.0,0.0,0.0,0.0,0.0,0.0,0.0,20.0,34.64101615137755,0.0,60.0,0.22595020681490188,0.026293766152530977,0.19704445129016496,0.2484470333365607,0.5911419150023084,0.04783946169551509,0.551146533700082,0.644137957145334,0.7366040617654566,0.020830929155563175,0.7159275983372343,0.7575860947065792,2.66952693850874,0.7818592230455926,1.9586449529569698,3.506931567490654,174.94444444444446,114.57173557467213,75.03333333333333,300.0,,,,,,,,,,,,,,,,,,,,,,,,,,,,,,,,,,,,,,,,,,,,,,,,,,,,,,,,
checkpoint,wide_bounds,pure_randomized,3,90,0.05555555555555555,0.09622504486493763,0.0,0.16666666666666666,74.39424666206587,13.069429845570644,61.646275688392834,87.76301045340104,99.78888888888889,0.36565517048676677,99.36666666666666,100.0,96.2,,96.2,96.2,541.362351238716,166.13712678823288,370.19808890157105,701.9687542890277,112.87112260304768,32.48655753493392,76.12638154914929,137.78141513412308,12.88340353922141,4.439668281640606,9.090619077784053,17.76672462292858,1.0,0.0,1.0,1.0,0.28793508096322107,0.03077399710242045,0.2684644485208223,0.3234135467951332,0.15850393744525404,0.016162864522584836,0.14358912327081141,0.17567728134689606,0.0,0.0,0.0,0.0,0.0,0.0,0.0,0.0,0.6777777777777777,1.1451993195428827,0.0,2.0,0.19629577300592904,0.02618064225306842,0.17153296666037932,0.22369478568230844,0.588480616376066,0.02345608943953077,0.5705837272701904,0.6150348597476959,0.7400488937112444,0.014521980435544661,0.7233982978912252,0.7500935403058181,1.9677081026499945,0.010072658244691203,1.9588301589210813,1.9786543804450214,243.5111111111111,33.11369863118643,221.0,281.53333333333336,,,,,,,,,,,,,,,,,,,,,,,,,,,,,,,,,,,,,,,,,,,,,,,,,,,,,,,,
checkpoint,wide_bounds,residual_randomized,3,90,1.0,0.0,1.0,1.0,264.69654887584005,1.0205154581643252,263.95486498212784,265.8604107163358,27.0,0.0,27.0,27.0,27.0,0.0,27.0,27.0,234.0238292593698,1.403511478375739,232.40980122860384,234.95745135845516,47.838516508498195,0.5480965301121081,47.206351237809145,48.180773734993544,2.6278418916762845,0.9940328808753733,1.4978429445477395,3.367278038212955,1.0,0.0,1.0,1.0,0.2203386215381569,0.001074564374235177,0.2191921323737305,0.22132279256301535,0.1574099013770863,0.0022055114996731326,0.15486562111340246,0.1587782674413064,0.0,0.0,0.0,0.0,0.0,0.0,0.0,0.0,0.0,0.0,0.0,0.0,0.2674230041221364,0.010550003386486501,0.25639148146711016,0.277414444435972,0.638040277544142,0.0010161664492093303,0.6370398787890632,0.6390715098779339,0.7066071813865372,0.0019287549543633125,0.705145902400352,0.7087933597720615,3.5034542805223885,0.0006772495116610672,3.5027037358903703,3.5040197605342374,74.0,0.0,74.0,74.0,,,,,,,,,,,,,,,,,,,,,,,,,,,,,,,,,,,,,,,,,,,,,,,,,,,,,,,,
checkpoint,wide_fast,pure_fixed_cpu,3,90,0.6555555555555556,0.5679723519614248,0.0,1.0,87.36734143966076,217.8031825060519,-163.79892486405953,224.12438675562265,70.36666666666666,45.48190116225721,18.0,100.0,55.43103448275862,52.93547661917223,18.0,92.86206896551724,329.83473994342495,105.24487838011095,241.1166677604728,446.11951674259006,54.453782900598334,19.895803922709508,39.339638645143474,76.99467951674923,15.57505922282192,19.300827412902457,3.6189108647870945,37.84146745272197,1.0,0.0,1.0,1.0,0.2725236542700398,0.021087618412246597,0.24845655115513238,0.2877616653829931,0.20586700428487326,0.0070192970206013235,0.19805680974528178,0.2116485813983455,0.0,0.0,0.0,0.0,0.0,0.0,0.0,0.0,25.733333333333334,42.424796208506805,0.0,74.7,0.21469540330955836,0.041141494672605104,0.16988692845829806,0.25076613333658315,0.6222357254430726,0.06951862894739867,0.5762082695151958,0.702205091813859,0.7689415925123685,0.016981689889543683,0.7520191915191423,0.785981956719564,2.7468498031085926,1.3099974392510518,1.9642616914357627,4.259197013994124,184.67777777777778,126.11890480077976,50.0,300.0,,,,,,,,,,,,,,,,,,,,,,,,,,,,,,,,,,,,,,,,,,,,,,,,,,,,,,,,
checkpoint,wide_fast,pure_randomized,3,90,0.0,0.0,0.0,0.0,-40.8133119445068,55.36662808615861,-86.22239205874482,20.865259056498978,100.0,0.0,100.0,100.0,,,,,984.9736556218345,215.63427575310237,775.1187146570533,1205.9563659431317,125.07265460694857,23.4355390172397,107.75537858673451,151.73985870262592,21.41117097088001,3.6354083097565084,17.557107263655446,24.778979796871262,0.9999444444444444,9.622504486492703e-05,0.9998333333333334,1.0,0.29131872272721443,0.04021803114729257,0.26251668729735544,0.3372684661800791,0.18348970585208635,0.015229059790751247,0.17015533078654785,0.20008514062789579,0.0,0.0,0.0,0.0,0.0,0.0,0.0,0.0,5.722222222222221,0.727502068216482,4.933333333333334,6.366666666666666,0.21165502222356736,0.03814389767045998,0.16828939998837691,0.24001046667520617,0.5936408466263359,0.031216675673047766,0.5727922412112866,0.6295304704443813,0.7760016665889627,0.010712414764431613,0.7637182399898961,0.7834058787297702,1.9695506467668904,0.016211526635474535,1.9566118462786763,1.987735599806207,264.0333333333333,44.68416323983748,214.0,299.96666666666664,,,,,,,,,,,,,,,,,,,,,,,,,,,,,,,,,,,,,,,,,,,,,,,,,,,,,,,,
checkpoint,wide_fast,residual_randomized,3,90,1.0,0.0,1.0,1.0,225.4691602141675,0.32055417067730796,225.22477433097484,225.83210537571355,17.0,0.0,17.0,17.0,17.0,0.0,17.0,17.0,233.36733660839388,0.9800840642268017,232.2364346163007,233.96966966188137,30.31158948620411,0.2743057919998201,30.021793497080143,30.5672005379924,2.38312008586159,0.49478281648851863,1.8262350763572819,2.7721037600229326,1.0,0.0,1.0,1.0,0.2377367919206876,0.0009155481815812108,0.23668838085518706,0.23837870111140436,0.19139441096174958,0.0019573126655246845,0.1892052443321977,0.1929755484581597,0.0,0.0,0.0,0.0,0.0,0.0,0.0,0.0,0.0,0.0,0.0,0.0,0.28187333332098685,0.001835401775479792,0.2800345098305615,0.28370529413651263,0.6941388495253976,0.000194984435468141,0.6939918309511345,0.6943600344171192,0.7483601122875928,0.0003021053576334388,0.7480335151837562,0.7486295635405364,4.371440863347896,0.0006215667328923361,4.37094902698755,4.3721394601662,47.0,0.0,47.0,47.0,,,,,,,,,,,,,,,,,,,,,,,,,,,,,,,,,,,,,,,,,,,,,,,,,,,,,,,,
rule,bs_only,goal,,,,,,,265.63176726159486,0.6417646841170107,,,27.0,0.0,,,27.0,0.0,,,234.99999901055327,5.78151716258171e-14,,,47.99999959903677,0.0,,,0.572678431580588,0.0,,,1.0,0.0,,,9.75561951939242,28.067667552768956,,,17.450040493726213,38.06203369620422,,,0.0,0.0,,,0.0,0.0,,,0.0,0.0,,,0.017506419710206285,0.001746712386145472,,,3.4104355926511536,6.690783735273177,,,4.7261660461991655,8.074924893934657,,,5.425532388038423,6.388732923591641,,,27.0,0.0,,,30,30,1.0,0.8864866068260312,0.9999999999999999,30,265.368983427315,265.80235647964594,30,27.0,27.0,30,27.0,27.0,30,234.99999901055327,234.99999901055327,30,47.99999959903677,47.99999959903677,30,0.572678431580588,0.572678431580588,30,1.0,1.0,30,2.400855964859843,21.506540327688704,30,5.970536487813581,32.63838447225115,30,0.0,0.0,30,0.0,0.0,30,0.0,0.0,30,0.016949830208286137,0.018133277728989972,30,1.5218808281398761,6.250017978890213,30,2.2252079506334503,7.951163007045778,30,3.61901483801903,7.965462564318227,30,27.0,27.0
rule,bs_only,mpc,,,,,,,265.6317676693634,0.6417646835800053,,,27.0,0.0,,,27.0,0.0,,,234.99999981364624,5.78151716258171e-14,,,47.99999992027395,1.4453792906454277e-14,,,0.5726780300341229,1.1292025708167404e-16,,,1.0,0.0,,,9.755619497293042,28.067667446931225,,,17.450040488296743,38.06203368265151,,,0.0,0.0,,,0.0,0.0,,,0.0,0.0,,,0.35782012341825725,0.02073264251732729,,,3.410435594904049,6.690783747264072,,,4.726166045772411,8.07492489336298,,,5.42553239032011,6.388732935707721,,,27.0,0.0,,,30,30,1.0,0.8864866068260312,0.9999999999999999,30,265.37246838857857,265.8020310526672,30,27.0,27.0,30,27.0,27.0,30,234.99999981364624,234.99999981364624,30,47.99999992027395,47.99999992027395,30,0.5726780300341229,0.5726780300341229,30,1.0,1.0,30,2.3892780612685627,20.601227047110655,30,5.897680893941815,32.76103996064797,30,0.0,0.0,30,0.0,0.0,30,0.0,0.0,30,0.35281787648677376,0.36580578389610446,30,1.5608957651798818,5.900829486703843,30,2.2941099249419534,7.945914681792838,30,3.6348665507891376,7.940643565044989,30,27.0,27.0
rule,bs_only,sa,,,,,,,265.6237395909309,0.6437737722325304,,,27.0,0.0,,,27.0,0.0,,,235.33333330171214,1.8257418299421004,,,48.08057359225354,0.44131982647694634,,,0.5645875781611996,0.04431279199210195,,,1.0,0.0,,,9.755626039939397,28.067666572135256,,,17.45005565303235,38.062032576260165,,,0.0,0.0,,,0.0,0.0,,,0.0,0.0,,,4.62384629629216,0.22563127501221408,,,3.4104328102557004,6.690783736280815,,,4.726161200470161,8.074924401621399,,,5.4255294492513455,6.388732807061753,,,27.0,0.0,,,30,30,1.0,0.8864866068260312,0.9999999999999999,30,265.37411914553473,265.7931073715604,30,27.0,27.0,30,27.0,27.0,30,234.99999997356548,235.99999995800553,30,47.99999998424165,48.24172080827734,30,0.5484068343211272,0.5726779500812358,30,1.0,1.0,30,2.326536409613243,21.163328801275505,30,5.862569114440961,32.853523886108675,30,0.0,0.0,30,0.0,0.0,30,0.0,0.0,30,4.550532348727285,4.71044082405272,30,1.583258782918653,6.178188401056805,30,2.2662545024410052,8.082653298108246,30,3.677203269313251,8.091147325659554,30,27.0,27.0
rule,crossing,goal,,,,,,,-1928.1881272136063,0.11200526478101092,,,100.0,0.0,,,,,,,99.999999930279,1.4453792906454277e-14,,,109.99999871713334,4.336137871936283e-14,,,61.80339890984997,2.1680689359681415e-14,,,0.07983333333333335,0.0009128709291752777,,,0.3957607073414,0.01841074966838595,,,0.19334195196945342,0.1507080481894188,,,90.0,0.0,,,0.0,0.0,,,0.0,0.0,,,0.016713866674763267,0.0003202475091079793,,,0.7368572720698751,0.6436614434767713,,,1.0011654777271248,2.310519951535036,,,2.054756523867793,0.8668721347186782,,,115.96666666666667,0.18257418583505536,,,30,0,0.0,0.0,0.11351339317396876,30,-1928.2285951577896,-1928.148197206621,30,100.0,100.0,0,,,30,99.999999930279,99.999999930279,30,109.99999871713334,109.99999871713334,30,61.80339890984997,61.80339890984997,30,0.0795,0.08000000000000002,30,0.3899090224008375,0.403309523872444,30,0.14737683508742444,0.2533570896652077,30,90.0,90.0,30,0.0,0.0,30,0.0,0.0,30,0.016615631672645275,0.016838935015948662,30,0.5941551158127757,0.98794682099495,30,0.45342279783222667,1.9328345893569592,30,1.7665638401439716,2.390117188585677,30,115.9,116.0
rule,crossing,mpc,,,,,,,254.04640891195257,0.05405355312603309,,,25.0,0.0,,,25.0,0.0,,,229.01607879996675,5.78151716258171e-14,,,52.824380324161694,1.4453792906454277e-14,,,4.281148309864117,9.033620566533923e-16,,,0.5687943262411348,0.009569711598059666,,,0.29406917116553893,0.0609220181601407,,,0.1607490562633809,0.15087536033692567,,,0.0,0.0,,,0.0,0.0,,,0.0,0.0,,,0.36243213336759555,0.0028941133771284567,,,0.8695179788582196,1.4070337872766212,,,0.9729103828651219,2.3185327810723666,,,3.7638188223959683,1.8732778756726005,,,51.733333333333334,0.44977644510880366,,,30,30,1.0,0.8864866068260312,0.9999999999999999,30,254.0270388567021,254.064470851934,30,25.0,25.0,30,25.0,25.0,30,229.01607879996675,229.01607879996675,30,52.824380324161694,52.824380324161694,30,4.281148309864117,4.281148309864117,30,0.5652482269503546,0.5723404255319148,30,0.2762800031360053,0.31794725669386337,30,0.1168036118659279,0.22364579596813966,30,0.0,0.0,30,0.0,0.0,30,0.0,0.0,30,0.3614302366992585,0.36348668669543255,30,0.5444311483709662,1.4236316734989496,30,0.41236763488982503,2.0057965944051106,30,3.128725847149514,4.464712262485859,30,51.56666666666667,51.86666666666667
rule,crossing,sa,,,,,,,256.38917143066,1.7230234565157372,,,26.166666666666668,2.134823473818811,,,26.166666666666668,2.134823473818811,,,239.44468061015738,14.666426252605696,,,50.23172885332442,4.221778305311613,,,2.5905723749896765,1.1829214029558137,,,0.6756879716030809,0.08125887543279411,,,0.2710261063095663,0.05830539252449086,,,0.1745347812155049,0.14949345959652033,,,0.0,0.0,,,0.0,0.0,,,0.0,0.0,,,4.446266090877068,0.03593944086747525,,,0.8412583891564407,1.4037096087167873,,,0.9927258944768994,2.3124138976720854,,,3.6715405011931836,1.8237502359872129,,,59.166666666666664,4.472778457115529,,,30,30,1.0,0.8864866068260312,0.9999999999999999,30,255.7801195463659,256.9842582374442,30,25.5,26.966666666666665,30,25.466666666666665,26.933333333333334,30,234.59652159440284,245.0958796476737,30,48.74212141812153,51.73983600903132,30,2.1588724821718177,3.010001995697648,30,0.6456729889307662,0.7026832522286118,30,0.25329680641397456,0.2947869725670719,30,0.13036062846086058,0.2360363538092785,30,0.0,0.0,30,0.0,0.0,30,0.0,0.0,30,4.435729422946126,4.46052616226617,30,0.523029761185921,1.3730838756545485,30,0.43639997178379064,2.0300948866549224,30,3.096373067621911,4.36329360099335,30,57.7,60.733333333333334
rule,fast_speed,goal,,,,,,,226.14101234261688,0.04944940847408935,,,17.0,0.0,,,17.0,0.0,,,233.5643008883765,2.890758581290855e-14,,,30.08218642385256,3.613448226613569e-15,,,1.3549618534450498,6.775215424900442e-16,,,1.0,0.0,,,0.23844315786620338,0.1262684919336366,,,0.19201503465582595,0.21331802492944296,,,0.0,0.0,,,0.0,0.0,,,0.0,0.0,,,0.018048431308011013,0.00135056908808454,,,0.6954405476664552,0.6939082413992028,,,0.7496159881176749,0.9496561215609098,,,4.372084960614491,1.8424992981102228,,,47.0,0.0,,,30,30,1.0,0.8864866068260312,0.9999999999999999,30,226.12227475033583,226.15677966550606,30,17.0,17.0,30,17.0,17.0,30,233.5643008883765,233.5643008883765,30,30.08218642385256,30.08218642385256,30,1.3549618534450498,1.3549618534450498,30,1.0,1.0,30,0.2047075726959373,0.287819042074445,30,0.13511545863654373,0.2792584190713696,30,0.0,0.0,30,0.0,0.0,30,0.0,0.0,30,0.017618220491367895,0.018581446005394832,30,0.5027328866728312,0.9715097719483603,30,0.48497575338897003,1.113690385987688,30,3.7149496193598472,4.987467742571743,30,47.0,47.0
rule,fast_speed,mpc,,,,,,,226.16625776347797,0.049056181416436015,,,17.0,0.0,,,17.0,0.0,,,233.4987560913125,5.78151716258171e-14,,,30.02488965531473,0.0,,,1.3232999115230792,2.2584051416334807e-16,,,1.0,0.0,,,0.23625106889308614,0.12118519023310352,,,0.18820536809061492,0.20468255031711843,,,0.0,0.0,,,0.0,0.0,,,0.0,0.0,,,0.3706494117817355,0.03484967740556867,,,0.6943316513892339,0.69793663311958,,,0.747813466195444,0.9546586017339524,,,4.373316794443388,1.8462827771198018,,,47.0,0.0,,,30,30,1.0,0.8864866068260312,0.9999999999999999,30,226.14729303554395,226.18199687585485,30,17.0,17.0,30,17.0,17.0,30,233.4987560913125,233.4987560913125,30,30.02488965531473,30.02488965531473,30,1.3232999115230792,1.3232999115230792,30,1.0,1.0,30,0.20405554247033594,0.28363742572435413,30,0.1355675946099355,0.2683397719663811,30,0.0,0.0,30,0.0,0.0,30,0.0,0.0,30,0.36005190197262416,0.384668303970423,30,0.49723475260616556,0.9636079213242474,30,0.4761856897406694,1.1391233105849767,30,3.7644372291015227,5.053158276090685,30,47.0,47.0
rule,fast_speed,sa,,,,,,,226.0054085872101,0.04905645036386366,,,17.0,0.0,,,17.0,0.0,,,233.99999997407696,5.78151716258171e-14,,,30.14125002525362,0.0,,,1.5739217386114082,6.775215424900442e-16,,,1.0,0.0,,,0.23627750278143553,0.12118306859521373,,,0.18820536809061492,0.20468255031711843,,,0.0,0.0,,,0.0,0.0,,,0.0,0.0,,,4.480019411783038,0.04316425217174574,,,0.6943344691823677,0.6979423042276891,,,0.747813466195444,0.9546586017339524,,,4.373321415787683,1.8462809861272793,,,47.0,0.0,,,30,30,1.0,0.8864866068260312,0.9999999999999999,30,225.98749158470335,226.02111222548496,30,17.0,17.0,30,17.0,17.0,30,233.99999997407696,233.99999997407696,30,30.14125002525362,30.14125002525362,30,1.5739217386114082,1.5739217386114082,30,1.0,1.0,30,0.20408999558917584,0.2886992405146257,30,0.13448562102692152,0.2712341291708289,30,0.0,0.0,30,0.0,0.0,30,0.0,0.0,30,4.46617049019551,4.495962651978749,30,0.5000036505745852,0.9819195315084083,30,0.48033611503238977,1.1480523762185342,30,3.739165548088804,5.013859940081583,30,47.0,47.0
rule,noisy_csi,goal,,,,,,,266.8146767856521,0.05127837434246184,,,27.0,0.0,,,27.0,0.0,,,234.99999901055327,5.78151716258171e-14,,,47.99999959903677,0.0,,,0.572678431580588,0.0,,,1.0,0.0,,,0.21336501828265583,0.03813569284476533,,,0.13621710208248083,0.1030960574424541,,,0.0,0.0,,,0.0,0.0,,,0.0,0.0,,,0.01707901240782424,0.0007423235786848232,,,0.6775382452749193,0.7666987450355949,,,0.7689885323576442,1.3454223250865036,,,3.5201623282207652,1.4950568945077956,,,74.0,0.0,,,30,30,1.0,0.8864866068260312,0.9999999999999999,30,266.7952155830468,266.83161309114115,30,27.0,27.0,30,27.0,27.0,30,234.99999901055327,234.99999901055327,30,47.99999959903677,47.99999959903677,30,0.572678431580588,0.572678431580588,30,1.0,1.0,30,0.20134018491703373,0.22882352475593618,30,0.10461006856988772,0.17381544637526514,30,0.0,0.0,30,0.0,0.0,30,0.0,0.0,30,0.01681849384595684,0.017349888959230425,30,0.4922414091715531,0.9936272434706968,30,0.4273681003645656,1.3206041530449557,30,2.977902870767524,4.062130451810756,30,74.0,74.0
rule,noisy_csi,mpc,,,,,,,266.81467719068445,0.05127837436520291,,,27.0,0.0,,,27.0,0.0,,,234.99999981364624,5.78151716258171e-14,,,47.99999992027395,1.4453792906454277e-14,,,0.5726780300341229,1.1292025708167404e-16,,,1.0,0.0,,,0.21336501887737255,0.03813569285525652,,,0.1362171028603215,0.103096057447214,,,0.0,0.0,,,0.0,0.0,,,0.0,0.0,,,0.3476169135360074,0.029255326201982495,,,0.6775382458645123,0.7666987452135996,,,0.7689885332666218,1.345422325360674,,,3.5201623284491372,1.4950568944417526,,,74.0,0.0,,,30,30,1.0,0.8864866068260312,0.9999999999999999,30,266.7954122316989,266.83093075652954,30,27.0,27.0,30,27.0,27.0,30,234.99999981364624,234.99999981364624,30,47.99999992027395,47.99999992027395,30,0.5726780300341229,0.5726780300341229,30,1.0,1.0,30,0.20162895901479297,0.2274359456519799,30,0.10305122549127797,0.17615988953349998,30,0.0,0.0,30,0.0,0.0,30,0.0,0.0,30,0.3396999258911595,0.35957026543268583,30,0.49210003185796514,0.9830287108367085,30,0.4283531863271464,1.3272434342173192,30,3.004552478652491,4.05008197964395,30,74.0,74.0
rule,noisy_csi,sa,,,,,,,266.8062107369788,0.08035748538134142,,,27.0,0.0,,,27.0,0.0,,,235.33333330171214,1.8257418299421004,,,48.08057359225354,0.44131982647694634,,,0.5645875781611996,0.04431279199210195,,,1.0,0.0,,,0.2134262975752451,0.0382693386466976,,,0.1367542130412188,0.10429813819322345,,,0.0,0.0,,,0.0,0.0,,,0.0,0.0,,,4.567960000003726,0.2157337374322305,,,0.678047697718881,0.7667833942359158,,,0.769297300335207,1.3454799182428259,,,3.5201927701336135,1.4950756172952366,,,74.06666666666666,0.3651483716701107,,,30,30,1.0,0.8864866068260312,0.9999999999999999,30,266.77547374528547,266.83060235331453,30,27.0,27.0,30,27.0,27.0,30,234.99999997356548,235.99999995800553,30,47.99999998424165,48.24172080827734,30,0.5484068343211272,0.5726779500812358,30,1.0,1.0,30,0.20083679655690334,0.22789914038595535,30,0.10306163753671398,0.17800970324626852,30,0.0,0.0,30,0.0,0.0,30,0.0,0.0,30,4.498239015459452,4.645686092566124,30,0.49406034135796023,0.9986389615631922,30,0.419684187857454,1.294441096333969,30,3.034492455588444,4.061292141134483,30,74.0,74.2
rule,nominal,goal,,,,,,,266.81752188746617,0.048416882479283385,,,27.0,0.0,,,27.0,0.0,,,234.99999901055327,5.78151716258171e-14,,,47.99999959903677,0.0,,,0.572678431580588,0.0,,,1.0,0.0,,,0.22089312170475323,0.0760463071857294,,,0.15744697301702335,0.2049563591748687,,,0.0,0.0,,,0.0,0.0,,,0.0,0.0,,,0.017427407393920416,0.0010318496417127726,,,0.6384497874044776,0.5330363489165807,,,0.7056546762470239,0.971730325417598,,,3.503851517610089,1.4465333490840522,,,74.0,0.0,,,30,30,1.0,0.8864866068260312,0.9999999999999999,30,266.79803253346876,266.8329972551767,30,27.0,27.0,30,27.0,27.0,30,234.99999901055327,234.99999901055327,30,47.99999959903677,47.99999959903677,30,0.572678431580588,0.572678431580588,30,1.0,1.0,30,0.20048735614866015,0.2515629543011158,30,0.102900310566202,0.24573602684115714,30,0.0,0.0,30,0.0,0.0,30,0.0,0.0,30,0.01706810802710449,0.017804574077492787,30,0.49652829288661365,0.8589705662040777,30,0.43183218380044175,1.1051883095788502,30,2.981492864010035,4.038121187359353,30,74.0,74.0
rule,nominal,mpc,,,,,,,266.8175222924965,0.048416882483407184,,,27.0,0.0,,,27.0,0.0,,,234.99999981364624,5.78151716258171e-14,,,47.99999992027395,1.4453792906454277e-14,,,0.5726780300341229,1.1292025708167404e-16,,,1.0,0.0,,,0.22089312229997574,0.07604630719114239,,,0.15744697379071754,0.2049563591745289,,,0.0,0.0,,,0.0,0.0,,,0.0,0.0,,,0.35457395057658886,0.009620575696645024,,,0.6384497879413105,0.5330363487775418,,,0.7056546770528416,0.9717303251831224,,,3.503851517819356,1.4465333489507408,,,74.0,0.0,,,30,30,1.0,0.8864866068260312,0.9999999999999999,30,266.7986722313115,266.8332385701681,30,27.0,27.0,30,27.0,27.0,30,234.99999981364624,234.99999981364624,30,47.99999992027395,47.99999992027395,30,0.5726780300341229,0.5726780300341229,30,1.0,1.0,30,0.20089033362208011,0.2522328731655035,30,0.10229642721811522,0.23873938469488404,30,0.0,0.0,30,0.0,0.0,30,0.0,0.0,30,0.35180962650462816,0.35851747836754777,30,0.4959237193416356,0.8866446500009905,30,0.43381009399811427,1.1030359450949336,30,2.9865843013975346,4.008489803629379,30,74.0,74.0
rule,nominal,sa,,,,,,,266.8090892107345,0.07872928186300887,,,27.0,0.0,,,27.0,0.0,,,235.33333330171214,1.8257418299421004,,,48.08057359225354,0.44131982647694634,,,0.5645875781611996,0.04431279199210195,,,1.0,0.0,,,0.22093501159574883,0.07608890006097854,,,0.15795668772877938,0.20549255423861199,,,0.0,0.0,,,0.0,0.0,,,0.0,0.0,,,4.408159876590987,0.14365241810472587,,,0.6388775997589665,0.5331873681090167,,,0.7058321394939016,0.9717961410107554,,,3.5038640871032567,1.446541515667564,,,74.06666666666666,0.3651483716701107,,,30,30,1.0,0.8864866068260312,0.9999999999999999,30,266.77726444980885,266.83218048602254,30,27.0,27.0,30,27.0,27.0,30,234.99999997356548,235.99999995800553,30,47.99999998424165,48.24172080827734,30,0.5484068343211272,0.5726779500812358,30,1.0,1.0,30,0.20064816040447236,0.25275772789956913,30,0.10316279470077841,0.239763496062767,30,0.0,0.0,30,0.0,0.0,30,0.0,0.0,30,4.363496728403143,4.460958203749438,30,0.48943994539676716,0.8531866167858881,30,0.42459884108429174,1.0878668563500191,30,2.978623741680757,3.9966984343665075,30,74.0,74.2
rule,prediction_only,goal,,,,,,,262.29849211903974,5.78151716258171e-14,,,27.0,0.0,,,27.0,0.0,,,234.99999901055327,5.78151716258171e-14,,,47.99999959903677,0.0,,,0.572678431580588,0.0,,,1.0,0.0,,,1599.1999999999998,6.937820595098053e-13,,,445.75,0.0,,,0.0,0.0,,,0.0,0.0,,,0.0,0.0,,,0.016653950629399422,0.00040158581526217096,,,29.488996710895364,8.896205880117497,,,19.46472754240153,7.2289366083493825,,,29.488996710895364,8.896205880117497,,,0.0,0.0,,,30,30,1.0,0.8864866068260312,0.9999999999999999,30,262.29849211903974,262.29849211903974,30,27.0,27.0,30,27.0,27.0,30,234.99999901055327,234.99999901055327,30,47.99999959903677,47.99999959903677,30,0.572678431580588,0.572678431580588,30,1.0,1.0,30,1599.1999999999998,1599.1999999999998,30,445.75,445.75,30,0.0,0.0,30,0.0,0.0,30,0.0,0.0,30,0.01653034572669123,0.016808040170333157,30,26.436212791797104,32.52585408865843,30,16.888879883192168,22.047251378614188,30,26.444299592041112,32.57409569462733,30,0.0,0.0
rule,prediction_only,mpc,,,,,,,262.29849252658386,5.78151716258171e-14,,,27.0,0.0,,,27.0,0.0,,,234.99999981364624,5.78151716258171e-14,,,47.99999992027395,1.4453792906454277e-14,,,0.5726780300341229,1.1292025708167404e-16,,,1.0,0.0,,,1599.1999999999998,6.937820595098053e-13,,,445.75,0.0,,,0.0,0.0,,,0.0,0.0,,,0.0,0.0,,,0.3496372839615588,0.0032335247783265566,,,29.488996710895364,8.896205880117497,,,19.46472754240153,7.2289366083493825,,,29.488996710895364,8.896205880117497,,,0.0,0.0,,,30,30,1.0,0.8864866068260312,0.9999999999999999,30,262.29849252658386,262.29849252658386,30,27.0,27.0,30,27.0,27.0,30,234.99999981364624,234.99999981364624,30,47.99999992027395,47.99999992027395,30,0.5726780300341229,0.5726780300341229,30,1.0,1.0,30,1599.1999999999998,1599.1999999999998,30,445.75,445.75,30,0.0,0.0,30,0.0,0.0,30,0.0,0.0,30,0.34854216975575436,0.3508326419859382,30,26.29340697604911,32.575162713517834,30,16.81262652899585,22.00639558115192,30,26.327578776006778,32.45740813852738,30,0.0,0.0
rule,prediction_only,sa,,,,,,,262.290465310007,0.043967307229645654,,,27.0,0.0,,,27.0,0.0,,,235.33333330171214,1.8257418299421004,,,48.08057359225354,0.44131982647694634,,,0.5645875781611996,0.04431279199210195,,,1.0,0.0,,,1599.1999999999998,6.937820595098053e-13,,,445.75,0.0,,,0.0,0.0,,,0.0,0.0,,,0.0,0.0,,,4.49475790124263,0.08838933077124822,,,29.488996710895364,8.896205880117497,,,19.46472754240153,7.2289366083493825,,,29.488996710895364,8.896205880117497,,,0.0,0.0,,,30,30,1.0,0.8864866068260312,0.9999999999999999,30,262.27441071936533,262.2984926053278,30,27.0,27.0,30,27.0,27.0,30,234.99999997356548,235.99999995800553,30,47.99999998424165,48.24172080827734,30,0.5484068343211272,0.5726779500812358,30,1.0,1.0,30,1599.1999999999998,1599.1999999999998,30,445.75,445.75,30,0.0,0.0,30,0.0,0.0,30,0.0,0.0,30,4.46548697528254,4.526920731541226,30,26.42650820009937,32.54245162293754,30,16.960117495696995,22.110537931752972,30,26.441388300586826,32.63319595451131,30,0.0,0.0
rule,reverse_goals,goal,,,,,,,187.92947186807788,0.05824493073541486,,,6.0,0.0,,,6.0,0.0,,,59.989999358307124,1.4453792906454277e-14,,,12.994003743338363,5.420172339920354e-15,,,0.005000320846445305,0.0,,,1.0,0.0,,,0.3784109371434201,0.469368923921851,,,,,,,0.0,0.0,,,0.0,0.0,,,0.0,0.0,,,0.017691666693685368,0.0009474987155275343,,,1.1824340533884372,1.7916064738844477,,,,,,,7.3699906684044745,3.3238358395399374,,,18.0,0.0,,,30,30,1.0,0.8864866068260312,0.9999999999999999,30,187.90868016554543,187.94891247105997,30,6.0,6.0,30,6.0,6.0,30,59.989999358307124,59.989999358307124,30,12.994003743338363,12.994003743338363,30,0.005000320846445305,0.005000320846445305,30,1.0,1.0,30,0.23777726355675213,0.5598512507659446,0,,,30,0.0,0.0,30,0.0,0.0,30,0.0,0.0,30,0.01738220835730115,0.018057819499467262,30,0.6775068406236003,1.9157172578759019,0,,,30,6.234107005377065,8.600053793292899,30,18.0,18.0
rule,reverse_goals,mpc,,,,,,,187.92947186807788,0.05824493073541486,,,6.0,0.0,,,6.0,0.0,,,59.989999358307124,1.4453792906454277e-14,,,12.994003743338363,5.420172339920354e-15,,,0.005000320846445305,0.0,,,1.0,0.0,,,0.3784109371434201,0.469368923921851,,,,,,,0.0,0.0,,,0.0,0.0,,,0.0,0.0,,,0.39780499996090335,0.05684250222062803,,,1.1824340533884372,1.7916064738844477,,,,,,,7.3699906684044745,3.3238358395399374,,,18.0,0.0,,,30,30,1.0,0.8864866068260312,0.9999999999999999,30,187.90842684464928,187.94817224692096,30,6.0,6.0,30,6.0,6.0,30,59.989999358307124,59.989999358307124,30,12.994003743338363,12.994003743338363,30,0.005000320846445305,0.005000320846445305,30,1.0,1.0,30,0.23762844219319454,0.5673145982932831,0,,,30,0.0,0.0,30,0.0,0.0,30,0.0,0.0,30,0.3803695694263196,0.4207904720899731,30,0.6937725993199179,1.9271500373614379,0,,,30,6.2783461865180055,8.579399769169601,30,18.0,18.0
rule,reverse_goals,sa,,,,,,,187.80564049891336,0.67560101566579,,,6.033333333333333,0.18257418583505533,,,6.033333333333333,0.18257418583505533,,,60.04274656247224,0.2879653439847107,,,13.04000585567947,0.24911194367489967,,,0.12139198068157836,0.6331896775484332,,,1.0,0.0,,,0.3783309162277992,0.46939615633676934,,,,,,,0.0,0.0,,,0.0,0.0,,,0.0,0.0,,,4.450800873019034,0.028284770329210958,,,1.1820014163108714,1.791789030068716,,,,,,,7.349723412036681,3.3196808938652276,,,18.066666666666666,0.36514837167011066,,,30,30,1.0,0.8864866068260312,0.9999999999999999,30,187.55174073839407,187.94432885652142,30,6.0,6.1,30,6.0,6.1,30,59.989999358307124,60.14807428861728,30,12.994003743338363,13.131504016612022,30,0.005000320846445305,0.3534115467583453,30,1.0,1.0,30,0.23647396432177228,0.5559749584346866,0,,,30,0.0,0.0,30,0.0,0.0,30,0.0,0.0,30,4.4412980297256075,4.460712712286497,30,0.666476604447981,1.8835253832125483,0,,,30,6.1816709683455615,8.570285083583308,30,18.0,18.2
rule,shifted_goals,goal,,,,,,,242.34929114005752,0.049038237804291805,,,20.0,0.0,,,20.0,0.0,,,179.99999833013482,5.78151716258171e-14,,,36.99999931928687,0.0,,,1.3737610113441177,6.775215424900442e-16,,,1.0,0.0,,,0.2018121041281286,0.0984273807533053,,,0.16500034882988562,0.19669058259422373,,,0.0,0.0,,,0.0,0.0,,,0.0,0.0,,,0.017022166675815242,0.0002874132245032982,,,0.6558881409580867,0.6516886005970559,,,0.7209529003124133,0.9861015569958552,,,4.037664501764027,1.7027757877784364,,,56.0,0.0,,,30,30,1.0,0.8864866068260312,0.9999999999999999,30,242.33093438076722,242.36516584852737,30,20.0,20.0,30,20.0,20.0,30,179.99999833013482,179.99999833013482,30,36.99999931928687,36.99999931928687,30,1.3737610113441177,1.3737610113441177,30,1.0,1.0,30,0.17528376896747347,0.24106654422330104,30,0.11180901990386904,0.24352013261179253,30,0.0,0.0,30,0.0,0.0,30,0.0,0.0,30,0.016927308323071582,0.017124337484347052,30,0.47150161214809494,0.9149108110103853,30,0.44147739140872944,1.1141845492200635,30,3.4472801024881803,4.657699464152018,30,56.0,56.0
rule,shifted_goals,mpc,,,,,,,242.34929188271815,0.04903823781356368,,,20.0,0.0,,,20.0,0.0,,,179.9999998052554,2.890758581290855e-14,,,36.999999909335166,7.226896453227138e-15,,,1.3737602737856496,0.0,,,1.0,0.0,,,0.2018121054017686,0.09842738076445459,,,0.16500034976358965,0.19669058259214314,,,0.0,0.0,,,0.0,0.0,,,0.0,0.0,,,0.347145333350151,0.008582829909075638,,,0.6558881420927278,0.6516886002256789,,,0.7209529014000462,0.9861015565751636,,,4.037664502107928,1.7027757875286575,,,56.0,0.0,,,30,30,1.0,0.8864866068260312,0.9999999999999999,30,242.3310857248057,242.36555394528494,30,20.0,20.0,30,20.0,20.0,30,179.9999998052554,179.9999998052554,30,36.999999909335166,36.999999909335166,30,1.3737602737856496,1.3737602737856496,30,1.0,1.0,30,0.1749544971325446,0.24403274445411932,30,0.11145469618565468,0.24603212462377946,30,0.0,0.0,30,0.0,0.0,30,0.0,0.0,30,0.34422755004031086,0.350044299997838,30,0.47613378194765954,0.9101988504286053,30,0.43478039117324546,1.131225531159385,30,3.476439892807978,4.647631055708233,30,56.0,56.0
rule,shifted_goals,sa,,,,,,,242.3492919386825,0.04903823782489136,,,20.0,0.0,,,20.0,0.0,,,179.99999992221663,5.78151716258171e-14,,,36.999999956119616,0.0,,,1.3737602153235497,0.0,,,1.0,0.0,,,0.20181210586082451,0.09842738077399572,,,0.16500035018741896,0.19669058259243874,,,0.0,0.0,,,0.0,0.0,,,0.0,0.0,,,4.450092000021566,0.054329067334045564,,,0.6558881426031541,0.6516886001206695,,,0.7209529019399769,0.9861015564056896,,,4.037664502259527,1.7027757875064087,,,56.0,0.0,,,30,30,1.0,0.8864866068260312,0.9999999999999999,30,242.33151272509593,242.36494446147685,30,20.0,20.0,30,20.0,20.0,30,179.99999992221663,179.99999992221663,30,36.999999956119616,36.999999956119616,30,1.3737602153235497,1.3737602153235497,30,1.0,1.0,30,0.17510231915572433,0.2401394112780572,30,0.11155954921560059,0.24381307866261678,30,0.0,0.0,30,0.0,0.0,30,0.0,0.0,30,4.431832483352537,4.470928520845442,30,0.47492919696370217,0.9079962928503748,30,0.44183089727161545,1.0810516520478195,30,3.444929985010225,4.641486426433215,30,56.0,56.0
rule,tight_deadline,goal,,,,,,,266.81752188746617,0.048416882479283385,,,27.0,0.0,,,27.0,0.0,,,234.99999901055327,5.78151716258171e-14,,,47.99999959903677,0.0,,,0.572678431580588,0.0,,,1.0,0.0,,,0.22089312170475323,0.0760463071857294,,,0.15744697301702335,0.2049563591748687,,,0.0,0.0,,,0.0,0.0,,,0.0,0.0,,,0.01731567905759827,0.0008873590789427407,,,0.6384497874044776,0.5330363489165807,,,0.7056546762470239,0.971730325417598,,,3.503851517610089,1.4465333490840522,,,74.0,0.0,,,30,30,1.0,0.8864866068260312,0.9999999999999999,30,266.7994850838594,266.8331838980443,30,27.0,27.0,30,27.0,27.0,30,234.99999901055327,234.99999901055327,30,47.99999959903677,47.99999959903677,30,0.572678431580588,0.572678431580588,30,1.0,1.0,30,0.20073866174295368,0.2510274214365983,30,0.10240704044793589,0.24215785615312815,30,0.0,0.0,30,0.0,0.0,30,0.0,0.0,30,0.017033327243788574,0.01767004323651404,30,0.49389944221038895,0.8482468952374412,30,0.43107671318322727,1.111658988568064,30,3.024820789484403,4.0105268468700555,30,74.0,74.0
rule,tight_deadline,mpc,,,,,,,266.8175222924965,0.048416882483407184,,,27.0,0.0,,,27.0,0.0,,,234.99999981364624,5.78151716258171e-14,,,47.99999992027395,1.4453792906454277e-14,,,0.5726780300341229,1.1292025708167404e-16,,,1.0,0.0,,,0.22089312229997574,0.07604630719114239,,,0.15744697379071754,0.2049563591745289,,,0.0,0.0,,,0.0,0.0,,,0.0,0.0,,,0.352851358038157,0.004308109618695507,,,0.6384497879413105,0.5330363487775418,,,0.7056546770528416,0.9717303251831224,,,3.503851517819356,1.4465333489507408,,,74.0,0.0,,,30,30,1.0,0.8864866068260312,0.9999999999999999,30,266.7989651038878,266.83324680994355,30,27.0,27.0,30,27.0,27.0,30,234.99999981364624,234.99999981364624,30,47.99999992027395,47.99999992027395,30,0.5726780300341229,0.5726780300341229,30,1.0,1.0,30,0.20041765701630637,0.2497824240302358,30,0.10286267194956585,0.23790711230574468,30,0.0,0.0,30,0.0,0.0,30,0.0,0.0,30,0.3516132778086551,0.3545170648090161,30,0.4889915348329811,0.8649812328498715,30,0.4290302774115803,1.1033116414777329,30,3.0175555945131833,4.023689555906451,30,74.0,74.0
rule,tight_deadline,sa,,,,,,,266.8090892107345,0.07872928186300887,,,27.0,0.0,,,27.0,0.0,,,235.33333330171214,1.8257418299421004,,,48.08057359225354,0.44131982647694634,,,0.5645875781611996,0.04431279199210195,,,1.0,0.0,,,0.22093501159574883,0.07608890006097854,,,0.15795668772877938,0.20549255423861199,,,0.0,0.0,,,0.0,0.0,,,0.0,0.0,,,4.416034197576081,0.09247779940532115,,,0.6388775997589665,0.5331873681090167,,,0.7058321394939016,0.9717961410107554,,,3.5038640871032567,1.446541515667564,,,74.06666666666666,0.3651483716701107,,,30,30,1.0,0.8864866068260312,0.9999999999999999,30,266.7760535478869,266.8319796438724,30,27.0,27.0,30,27.0,27.0,30,234.99999997356548,235.99999995800553,30,47.99999998424165,48.24172080827734,30,0.5484068343211272,0.5726779500812358,30,1.0,1.0,30,0.20102651828311796,0.25102814691404574,30,0.10290368617581273,0.24162740411733977,30,0.0,0.0,30,0.0,0.0,30,0.0,0.0,30,4.381170108068534,4.448128753109486,30,0.49086187077495536,0.8440758662015252,30,0.42338695158545725,1.1064187569787993,30,2.999275777555356,4.01829100772474,30,74.0,74.2
rule,wide_bounds,goal,,,,,,,266.81752188746617,0.048416882479283385,,,27.0,0.0,,,27.0,0.0,,,234.99999901055327,5.78151716258171e-14,,,47.99999959903677,0.0,,,0.572678431580588,0.0,,,1.0,0.0,,,0.22089312170475323,0.0760463071857294,,,0.15744697301702335,0.2049563591748687,,,0.0,0.0,,,0.0,0.0,,,0.0,0.0,,,0.01789037028006364,0.0018725463253881263,,,0.6384497874044776,0.5330363489165807,,,0.7056546762470239,0.971730325417598,,,3.503851517610089,1.4465333490840522,,,74.0,0.0,,,30,30,1.0,0.8864866068260312,0.9999999999999999,30,266.80000494059414,266.8331763382765,30,27.0,27.0,30,27.0,27.0,30,234.99999901055327,234.99999901055327,30,47.99999959903677,47.99999959903677,30,0.572678431580588,0.572678431580588,30,1.0,1.0,30,0.20051593620612987,0.25067525978159605,30,0.10255887415222789,0.23806303115211624,30,0.0,0.0,30,0.0,0.0,30,0.0,0.0,30,0.017265305491772454,0.018558151126640433,30,0.4890064601864179,0.8450780052141593,30,0.42893192915467826,1.0804653864873106,30,3.0095417249799086,4.043753241476552,30,74.0,74.0
rule,wide_bounds,mpc,,,,,,,266.8175222924965,0.048416882483407184,,,27.0,0.0,,,27.0,0.0,,,234.99999981364624,5.78151716258171e-14,,,47.99999992027395,1.4453792906454277e-14,,,0.5726780300341229,1.1292025708167404e-16,,,1.0,0.0,,,0.22089312229997574,0.07604630719114239,,,0.15744697379071754,0.2049563591745289,,,0.0,0.0,,,0.0,0.0,,,0.0,0.0,,,0.3510532098853556,0.015108452472223791,,,0.6384497879413105,0.5330363487775418,,,0.7056546770528416,0.9717303251831224,,,3.503851517819356,1.4465333489507408,,,74.0,0.0,,,30,30,1.0,0.8864866068260312,0.9999999999999999,30,266.7995712754839,266.83372446492416,30,27.0,27.0,30,27.0,27.0,30,234.99999981364624,234.99999981364624,30,47.99999992027395,47.99999992027395,30,0.5726780300341229,0.5726780300341229,30,1.0,1.0,30,0.20065218409682775,0.2502109573699907,30,0.10228457560246847,0.24193709862695859,30,0.0,0.0,30,0.0,0.0,30,0.0,0.0,30,0.3463699321030808,0.3570977993789442,30,0.4898621575408367,0.8506822825918464,30,0.4321966495342678,1.1013501266079886,30,3.006840779185269,4.027226586351544,30,74.0,74.0
rule,wide_bounds,sa,,,,,,,266.8090892107345,0.07872928186300887,,,27.0,0.0,,,27.0,0.0,,,235.33333330171214,1.8257418299421004,,,48.08057359225354,0.44131982647694634,,,0.5645875781611996,0.04431279199210195,,,1.0,0.0,,,0.22093501159574883,0.07608890006097854,,,0.15795668772877938,0.20549255423861199,,,0.0,0.0,,,0.0,0.0,,,0.0,0.0,,,4.4953840740938045,0.11378323504574647,,,0.6388775997589665,0.5331873681090167,,,0.7058321394939016,0.9717961410107554,,,3.5038640871032567,1.446541515667564,,,74.06666666666666,0.3651483716701107,,,30,30,1.0,0.8864866068260312,0.9999999999999999,30,266.77894262156184,266.83247443083104,30,27.0,27.0,30,27.0,27.0,30,234.99999997356548,235.99999995800553,30,47.99999998424165,48.24172080827734,30,0.5484068343211272,0.5726779500812358,30,1.0,1.0,30,0.20038967456456963,0.2529881096776252,30,0.10301093818018041,0.24209587752991685,30,0.0,0.0,30,0.0,0.0,30,0.0,0.0,30,4.459547160510884,4.538861212957575,30,0.4925249010866875,0.8479200024290948,30,0.4226374463217595,1.104661497132425,30,3.005790831967337,4.02031478577802,30,74.0,74.2
rule,wide_fast,goal,,,,,,,226.14101234261688,0.04944940847408935,,,17.0,0.0,,,17.0,0.0,,,233.5643008883765,2.890758581290855e-14,,,30.08218642385256,3.613448226613569e-15,,,1.3549618534450498,6.775215424900442e-16,,,1.0,0.0,,,0.23844315786620338,0.1262684919336366,,,0.19201503465582595,0.21331802492944296,,,0.0,0.0,,,0.0,0.0,,,0.0,0.0,,,0.017528039215368843,0.0004630292097682151,,,0.6954405476664552,0.6939082413992028,,,0.7496159881176749,0.9496561215609098,,,4.372084960614491,1.8424992981102228,,,47.0,0.0,,,30,30,1.0,0.8864866068260312,0.9999999999999999,30,226.12261268409412,226.15659385044364,30,17.0,17.0,30,17.0,17.0,30,233.5643008883765,233.5643008883765,30,30.08218642385256,30.08218642385256,30,1.3549618534450498,1.3549618534450498,30,1.0,1.0,30,0.20472294618220502,0.29306710575898137,30,0.13485480682804452,0.2789101665542768,30,0.0,0.0,30,0.0,0.0,30,0.0,0.0,30,0.01737605880469916,0.01770197052587273,30,0.49620703430610025,0.9784082726552887,30,0.47929028599485085,1.1169250727533433,30,3.7387109529827094,5.012464119326322,30,47.0,47.0
rule,wide_fast,mpc,,,,,,,226.16625776347797,0.049056181416436015,,,17.0,0.0,,,17.0,0.0,,,233.4987560913125,5.78151716258171e-14,,,30.02488965531473,0.0,,,1.3232999115230792,2.2584051416334807e-16,,,1.0,0.0,,,0.23625106889308614,0.12118519023310352,,,0.18820536809061492,0.20468255031711843,,,0.0,0.0,,,0.0,0.0,,,0.0,0.0,,,0.3587592156798244,0.006560359796521353,,,0.6943316513892339,0.69793663311958,,,0.747813466195444,0.9546586017339524,,,4.373316794443388,1.8462827771198018,,,47.0,0.0,,,30,30,1.0,0.8864866068260312,0.9999999999999999,30,226.14794733944424,226.18140795433453,30,17.0,17.0,30,17.0,17.0,30,233.4987560913125,233.4987560913125,30,30.02488965531473,30.02488965531473,30,1.3232999115230792,1.3232999115230792,30,1.0,1.0,30,0.20404589976237877,0.28686436280022715,30,0.13356801929156148,0.2689440370661512,30,0.0,0.0,30,0.0,0.0,30,0.0,0.0,30,0.3568911519700766,0.36132150000171614,30,0.501507354368394,0.9851741353822336,30,0.47585905046001786,1.1492788938527696,30,3.726047684771438,5.031788505145152,30,47.0,47.0
rule,wide_fast,sa,,,,,,,226.0054085872101,0.04905645036386366,,,17.0,0.0,,,17.0,0.0,,,233.99999997407696,5.78151716258171e-14,,,30.14125002525362,0.0,,,1.5739217386114082,6.775215424900442e-16,,,1.0,0.0,,,0.23627750278143553,0.12118306859521373,,,0.18820536809061492,0.20468255031711843,,,0.0,0.0,,,0.0,0.0,,,0.0,0.0,,,4.465254509780019,0.08370255227259915,,,0.6943344691823677,0.6979423042276891,,,0.747813466195444,0.9546586017339524,,,4.373321415787683,1.8462809861272793,,,47.0,0.0,,,30,30,1.0,0.8864866068260312,0.9999999999999999,30,225.9865231635691,226.02111899494304,30,17.0,17.0,30,17.0,17.0,30,233.99999997407696,233.99999997407696,30,30.14125002525362,30.14125002525362,30,1.5739217386114082,1.5739217386114082,30,1.0,1.0,30,0.20411677596716177,0.28483576195997135,30,0.13381663715340703,0.27060545884754955,30,0.0,0.0,30,0.0,0.0,30,0.0,0.0,30,4.438103166643593,4.497873808850896,30,0.4982162763956219,0.9906315049545583,30,0.4700075657825685,1.1442239878629965,30,3.753125703312883,5.03311038706507,30,47.0,47.0
