scenario,method,reference,episode_return_n,episode_return_mean,episode_return_ci_low,episode_return_ci_high,restricted_team_time_n,restricted_team_time_mean,restricted_team_time_ci_low,restricted_team_time_ci_high,rho_prefix_mean_n,rho_prefix_mean_mean,rho_prefix_mean_ci_low,rho_prefix_mean_ci_high
crossing,mappo,goal,50,1793.8972392107548,1793.705325781598,1794.0929700167596,50,0.0,0.0,0.0,50,-0.00048731569841582815,-0.000651716243591442,-0.0003386832718406397
crossing,sa,goal,50,2187.488281705564,2186.9461238943854,2187.9802655167528,50,-74.0,-74.48,-73.44,50,-1.6168806738413552e-05,-0.00025781140950268305,0.00024258600225332167
fast_speed,mappo,goal,50,-14.713934623780402,-15.479591233374414,-14.056617416352141,50,10.64,10.14,11.26,50,0.000757713350779645,0.0006130317398599299,0.0009102288663494826
fast_speed,sa,goal,50,-0.13311257464736,-0.13353782272860634,-0.13267683972887256,50,0.0,0.0,0.0,50,-4.698113971379685e-05,-5.99524626175053e-05,-3.3807397536856146e-05
nominal,mappo,goal,50,-12.02413454348577,-14.670475441558684,-9.50619205788403,50,7.96,5.94,10.1,50,2.6350588629849412e-05,-5.39661791928884e-05,0.0001173293974049535
nominal,sa,goal,50,-0.011661123369004827,-0.03498433140047584,4.807814963214696e-07,50,0.0,0.0,0.0,50,8.066204340408036e-05,9.544704702383473e-12,0.00024198610851458715
shifted_goals,mappo,goal,50,-392.9849151681108,-393.2895395081551,-392.6731857075905,50,80.0,80.0,80.0,50,-0.0012875433775855075,-0.0014282797224661877,-0.0011441474845349682
shifted_goals,sa,goal,50,8.163337827227224e-07,8.153333293421382e-07,8.172539192656814e-07,50,0.0,0.0,0.0,50,4.2798069636862393e-11,1.878665874515545e-11,6.67781983858945e-11
wide_bounds,mappo,goal,50,-172.27797854335188,-211.66872236737055,-132.8492242876069,50,44.2,34.12,54.28,50,2.6350588629849412e-05,-5.687508891411511e-05,0.00011104413481100027
wide_bounds,sa,goal,50,-0.011661123369004827,-0.034984331246329645,4.80767980576502e-07,50,0.0,0.0,0.0,50,8.066204340408036e-05,9.255969940589332e-12,0.00024198610623939846
wide_fast,mappo,goal,50,-291.9776773406686,-292.05800597079224,-291.8976400171641,50,83.0,83.0,83.0,50,0.000757713350779645,0.0006147645909408695,0.0009003425132232353
wide_fast,sa,goal,50,-0.13311257464736,-0.13352728576756498,-0.13269318417648587,50,0.0,0.0,0.0,50,-4.698113971379685e-05,-6.062765336639079e-05,-3.3154378022274495e-05
