episode_return,length,team_success,termination_reason,rho_pos_mean,rho_pos_final,safety_interventions,collisions,boundary_requests,tracking_rmse,prior_tracking_rmse,measurement_updates,uncertainty_kind,arrived_0,arrival_time_0,path_length_0,energy_proxy_0,active_steps_0,goal_distance_0,communication_rate_0,arrived_1,arrival_time_1,path_length_1,energy_proxy_1,active_steps_1,goal_distance_1,communication_rate_1,reward_progress,reward_distance,reward_arrival,reward_completion,reward_sensing,reward_time,reward_energy,reward_communication,reward_collision,reward_boundary,reward_timeout,restricted_team_time,success_time,total_path_length,total_energy_proxy,goal_distance_mean,communication_rate,rho_prefix_mean,tracking_prefix_rmse,communication_prefix_rate,tracking_prefix_early_rmse,tracking_prefix_late_rmse,tracking_prefix_p95_error,position_nees_prefix_mean,position_coverage_prefix_rate,policy_ms_per_step,seed,scenario,method,prefix_steps
266.83616581074546,27,1,success,0.1968085126985603,0.33608486070681853,0,0,0,0.4206144328642955,2.018381092053112,74,ekf_covariance,1,27.0,134.9999998690654,27.499999942441615,27,0.6465997934400395,1.0,1,20.0,99.99999914148782,20.49999965659515,20,0.49875706972113637,1.0,117.49999950527655,-3.908298262710323,80.0,80.0,-0.855535441844848,-4.699999999999998,-1.199999989975919,0.0,0.0,0.0,0.0,27.0,27.0,234.9999990105532,47.99999959903677,0.572678431580588,1.0,0.09013413253939198,0.31472037726038676,1.0,0.38947289211769004,0.27656612682416687,0.5287724848675552,2.4997712394630844,1.0,0.016759259341159596,4101,nominal,goal,10
266.8361662949252,27,1,success,0.19680851328875879,0.33608486137808696,0,0,0,0.42061443368557044,2.0183810921235894,74,ekf_covariance,1,27.0,134.99999997407724,27.49999998444634,27,0.6465996884410672,1.0,1,20.0,99.99999999948821,20.499999999795307,20,0.49875621172140444,1.0,117.49999998677589,-3.908298248291433,80.0,80.0,-0.8555354439532034,-4.699999999999998,-1.1999999996060413,0.0,0.0,0.0,0.0,27.0,27.0,234.99999997356545,47.99999998424165,0.5726779500812358,1.0,0.09013413259196221,0.31472037772915845,1.0,0.3894728921052109,0.27656612759375854,0.5287724852677771,2.4997712436283996,1.0,4.292674074046469,4101,nominal,sa_nav,10
266.8361662961588,27,1,success,0.19680851301331234,0.3360848605512627,0,0,0,0.42061443314288377,2.018381092165658,74,ekf_covariance,1,27.0,134.99999997407727,27.499999984446365,27,0.6465996884565386,1.0,1,20.0,100.0,20.49999999999999,20,0.49875621120927277,1.0,117.49999998702424,-3.9082982482853557,80.0,80.0,-0.8555354429688967,-4.699999999999998,-1.1999999996111586,0.0,0.0,0.0,0.0,27.0,27.0,234.99999997407727,47.999999984446355,0.5726779498329057,1.0,0.090134132527914,0.3147203775537254,1.0,0.3894728921052109,0.2765661273085653,0.5287724850084428,2.499771242646793,1.0,31.76155555552719,4101,nominal,sa_sense_0p2,10
34.56154256972835,100,0,deadline,0.08329020157962176,0.05730613880062332,0,0,1,0.26129862853758845,1.099256347605659,236,ekf_covariance,1,37.0,174.32493567393692,36.772156761917614,37,3.575071327366917,1.0,0,,346.0345602138641,73.23347566738069,100,75.39385900322986,0.99,78.58821277155882,-14.890643656306645,40.0,0.0,-1.5223568047612375,-13.699999999999982,-2.750140810732459,-0.16352893003002356,0.0,-1.0,-50.0,100.0,,520.359495887801,110.0056324292983,39.48446516529839,0.9927007299270073,0.06062251703402579,0.2614581626081594,1.0,0.3871816861601746,0.18278587537289143,0.4549012256919429,2.472066895953417,1.0,28.79724800004624,4101,nominal,sa_sense_20,10
266.83616621574856,27,1,success,0.196808513299511,0.3360848607195391,0,0,0,0.42061443336227766,2.0183810921610092,74,ekf_covariance,1,27.0,134.99999986906505,27.499999942441498,27,0.6465997934403513,1.0,1,20.0,99.99999994458113,20.499999977832466,20,0.4987562666278947,1.0,117.49999990682302,-3.908298248681625,80.0,80.0,-0.8555354443859039,-4.699999999999998,-1.1999999980068485,0.0,0.0,0.0,0.0,27.0,27.0,234.99999981364618,47.999999920273964,0.572678030034123,1.0,0.09013413333565794,0.3147203782721819,1.0,0.3894728920332421,0.2765661285199618,0.5287724864319417,2.499771244720258,1.0,0.344396296356906,4101,nominal,mpc_nav,10
266.83616621574856,27,1,success,0.196808513299511,0.3360848607195391,0,0,0,0.42061443336227766,2.0183810921610092,74,ekf_covariance,1,27.0,134.99999986906505,27.499999942441498,27,0.6465997934403513,1.0,1,20.0,99.99999994458113,20.499999977832466,20,0.4987562666278947,1.0,117.49999990682302,-3.908298248681625,80.0,80.0,-0.8555354443859039,-4.699999999999998,-1.1999999980068485,0.0,0.0,0.0,0.0,27.0,27.0,234.99999981364618,47.999999920273964,0.572678030034123,1.0,0.09013413333565794,0.3147203782721819,1.0,0.3894728920332421,0.2765661285199618,0.5287724864319417,2.499771244720258,1.0,38.37959259251673,4101,nominal,mpc_sense_20,10
263.86265800164597,27,1,success,0.16949466792490564,0.31122602636510677,0,0,0,0.40119854386657616,2.0135133133484575,80,ekf_covariance,1,27.0,134.99999997407724,29.50726331576178,27,4.405065467070789,1.0,1,26.0,106.63664453671689,25.663734016010935,26,0.805668413386283,1.0,115.4673109966286,-4.170411079859351,80.0,80.0,-0.754966981828917,-5.300000000000002,-1.3792749332943173,0.0,0.0,0.0,0.0,27.0,27.0,241.63664451079413,55.17099733177271,2.605366940228536,1.0,0.07131031637288936,0.2936524979645475,1.0,0.3893121531155247,0.24131367787823638,0.4999193372199199,2.4357470132890984,1.0,48.35231851854957,4101,nominal,mpc_sense_2000,10
-1928.2347532537212,100,0,deadline,0.39940760431612365,1.2725376286097492,90,0,0,0.5201378578406912,1.2778132057571638,116,ekf_covariance,0,,49.999999965139494,54.99999935856669,100,61.80339890984999,0.08,0,,49.999999965139494,54.99999935856669,100,61.80339890984999,0.08,49.999999965139494,-19.458899997046487,0.0,0.0,-5.533446376110965,-19.99999999999996,-2.7499999679283302,-30.492406877775167,-1800.0,0.0,-100.0,100.0,,99.99999993027899,109.99999871713338,61.80339890984999,0.08,0.1348740588463578,0.28942117875153234,0.8,0.284965978993306,0.29130969272982715,0.4418645729933917,2.6520490217070583,1.0,0.016027999972720863,4101,crossing,goal,10
253.9119199334524,34,1,success,0.2615274868634306,0.3051113395258117,0,0,0,0.476236322210418,1.8638136522762083,72,ekf_covariance,1,34.0,169.94085710110423,36.67081433553021,34,3.416736342299676,0.7352941176470589,1,22.0,109.99999996513948,22.49999997908369,22,1.8033989098502587,0.5909090909090909,109.19333124891448,-4.641175487610242,80.0,80.0,-1.3464201585021942,-5.599999999999997,-1.4792703578653472,-2.214545311484373,0.0,0.0,0.0,34.0,34.0,279.9408570662437,59.1708143146139,2.6100676260749673,0.6785714285714286,0.08714468749763465,0.26225687778135154,1.0,0.284965978993306,0.2518984693100966,0.374358671068557,2.9180818620822717,1.0,4.35757941175004,4101,crossing,sa_nav,10
254.25545943698003,34,1,success,0.26126076265004666,0.3046376837617727,0,0,0,0.476187589985081,1.8637562557637704,72,ekf_covariance,1,34.0,169.9871882663591,36.87612789867462,34,2.7402501916755564,0.7352941176470589,1,22.0,109.99999996513948,22.49999997908369,22,1.8033989098502587,0.5909090909090909,109.53157432422654,-4.631538481464532,80.0,80.0,-1.3453688815438027,-5.599999999999997,-1.4844031969439573,-2.2148043272943174,0.0,0.0,0.0,34.0,34.0,279.9871882314986,59.37612787775831,2.271824550762908,0.6785714285714286,0.08714468749763465,0.26225687778135154,1.0,0.284965978993306,0.2518984693100966,0.374358671068557,2.9180818620822717,1.0,29.534035294144655,4101,crossing,sa_sense_0p2,10
26.53407045507379,100,0,deadline,0.0774720604291742,0.03969351503115396,0,0,0,0.2637090792942385,1.1022105964493574,231,ekf_covariance,0,,374.4735285011272,85.22780784588609,100,80.83456336013634,0.98,1,33.0,153.48653705315337,34.434708728552955,33,4.807896443568073,1.0,68.98216897313725,-14.596209705823188,40.0,0.0,-1.422056133692692,-13.29999999999998,-2.991562914360976,-0.13826976418664352,0.0,0.0,-50.0,100.0,,527.9600655542806,119.66251657443905,42.821229901852206,0.9849624060150376,0.0684950438165681,0.24476146608816188,1.0,0.284965978993306,0.22534574238122698,0.3446340234866778,3.0719006520611414,1.0,28.65151699994385,4101,crossing,sa_sense_20,10
254.08628386440654,25,1,success,0.2690389730146712,0.31026767370250496,0,0,0,0.4635786876793064,2.131734187358956,52,ekf_covariance,1,25.0,119.0160789365278,26.323848328008836,25,3.6532491743417523,0.6,1,22.0,109.99999986343902,26.50053199615287,22,4.909047445386481,0.5454545454545454,107.52225056512536,-3.8874157981824844,80.0,80.0,-0.9965264353731743,-4.7,-1.3206095081040428,-2.531414959059142,0.0,0.0,0.0,25.0,25.0,229.0160787999668,52.82438032416171,4.2811483098641165,0.574468085106383,0.0993354914536935,0.2387312312921168,0.9,0.284965978993306,0.21590645474095677,0.3446340234866778,2.436209022372741,1.0,0.356188000041584,4101,crossing,mpc_nav,10
254.08628386440654,25,1,success,0.2690389730146712,0.31026767370250496,0,0,0,0.4635786876793064,2.131734187358956,52,ekf_covariance,1,25.0,119.0160789365278,26.323848328008836,25,3.6532491743417523,0.6,1,22.0,109.99999986343902,26.50053199615287,22,4.909047445386481,0.5454545454545454,107.52225056512536,-3.8874157981824844,80.0,80.0,-0.9965264353731743,-4.7,-1.3206095081040428,-2.531414959059142,0.0,0.0,0.0,25.0,25.0,229.0160787999668,52.82438032416171,4.2811483098641165,0.574468085106383,0.0993354914536935,0.2387312312921168,0.9,0.284965978993306,0.21590645474095677,0.3446340234866778,2.436209022372741,1.0,42.22572399994533,4101,crossing,mpc_sense_20,10
257.76096393820586,30,1,success,0.16676324091699138,0.30209221289718613,0,0,0,0.39788585889605443,1.9355687574402876,82,ekf_covariance,1,22.0,109.99999992780295,22.499999964149072,22,1.8033989471866785,1.0,1,30.0,119.99999992199213,30.002022403472935,30,2.754129367062333,1.0,109.524634717865,-4.422236720084411,80.0,80.0,-0.8288835003841278,-5.199999999999998,-1.3125505591905504,0.0,0.0,0.0,0.0,30.0,30.0,229.99999984979507,52.502022367622004,2.2787641571245056,1.0,0.07972101364665699,0.26073651798592895,1.0,0.284965978993306,0.24963358592814916,0.3541098862005233,3.0271339187866806,1.0,38.11209000004965,4101,crossing,mpc_sense_2000,10
