scenario,method,reference,episode_return_n,episode_return_mean,episode_return_ci_low,episode_return_ci_high,restricted_team_time_n,restricted_team_time_mean,restricted_team_time_ci_low,restricted_team_time_ci_high,rho_prefix_mean_n,rho_prefix_mean_mean,rho_prefix_mean_ci_low,rho_prefix_mean_ci_high,tracking_prefix_rmse_n,tracking_prefix_rmse_mean,tracking_prefix_rmse_ci_low,tracking_prefix_rmse_ci_high,communication_prefix_rate_n,communication_prefix_rate_mean,communication_prefix_rate_ci_low,communication_prefix_rate_ci_high,tracking_prefix_late_rmse_n,tracking_prefix_late_rmse_mean,tracking_prefix_late_rmse_ci_low,tracking_prefix_late_rmse_ci_high,position_nees_prefix_mean_n,position_nees_prefix_mean_mean,position_nees_prefix_mean_ci_low,position_nees_prefix_mean_ci_high
crossing,mpc_nav,goal,1,2182.3210371181276,2182.3210371181276,2182.3210371181276,1,-75.0,-75.0,-75.0,1,-0.03553856739266431,-0.03553856739266431,-0.03553856739266431,1,-0.050689947459415546,-0.050689947459415546,-0.050689947459415546,1,0.09999999999999998,0.09999999999999998,0.09999999999999998,1,-0.07540323798887039,-0.07540323798887039,-0.07540323798887039,1,-0.2158399993343174,-0.2158399993343174,-0.2158399993343174
crossing,mpc_sense_20,goal,1,2182.3210371181276,2182.3210371181276,2182.3210371181276,1,-75.0,-75.0,-75.0,1,-0.03553856739266431,-0.03553856739266431,-0.03553856739266431,1,-0.050689947459415546,-0.050689947459415546,-0.050689947459415546,1,0.09999999999999998,0.09999999999999998,0.09999999999999998,1,-0.07540323798887039,-0.07540323798887039,-0.07540323798887039,1,-0.2158399993343174,-0.2158399993343174,-0.2158399993343174
crossing,mpc_sense_2000,goal,1,2185.9957171919273,2185.9957171919273,2185.9957171919273,1,-70.0,-70.0,-70.0,1,-0.05515304519970082,-0.05515304519970082,-0.05515304519970082,1,-0.028684660765603387,-0.028684660765603387,-0.028684660765603387,1,0.19999999999999996,0.19999999999999996,0.19999999999999996,1,-0.04167610680167799,-0.04167610680167799,-0.04167610680167799,1,0.37508489707962234,0.37508489707962234,0.37508489707962234
crossing,sa_nav,goal,1,2182.1466731871737,2182.1466731871737,2182.1466731871737,1,-66.0,-66.0,-66.0,1,-0.047729371348723154,-0.047729371348723154,-0.047729371348723154,1,-0.0271643009701808,-0.0271643009701808,-0.0271643009701808,1,0.19999999999999996,0.19999999999999996,0.19999999999999996,1,-0.03941122341973058,-0.03941122341973058,-0.03941122341973058,1,0.26603284037521346,0.26603284037521346,0.26603284037521346
crossing,sa_sense_0p2,goal,1,2182.4902126907014,2182.4902126907014,2182.4902126907014,1,-66.0,-66.0,-66.0,1,-0.047729371348723154,-0.047729371348723154,-0.047729371348723154,1,-0.0271643009701808,-0.0271643009701808,-0.0271643009701808,1,0.19999999999999996,0.19999999999999996,0.19999999999999996,1,-0.03941122341973058,-0.03941122341973058,-0.03941122341973058,1,0.26603284037521346,0.26603284037521346,0.26603284037521346
crossing,sa_sense_20,goal,1,1954.768823708795,1954.768823708795,1954.768823708795,1,0.0,0.0,0.0,1,-0.06637901502978971,-0.06637901502978971,-0.06637901502978971,1,-0.04465971266337046,-0.04465971266337046,-0.04465971266337046,1,0.19999999999999996,0.19999999999999996,0.19999999999999996,1,-0.06596395034860017,-0.06596395034860017,-0.06596395034860017,1,0.4198516303540831,0.4198516303540831,0.4198516303540831
nominal,mpc_nav,goal,1,4.050031066071824e-07,4.050031066071824e-07,4.050031066071824e-07,1,0.0,0.0,0.0,1,7.962659559490604e-10,7.962659559490604e-10,7.962659559490604e-10,1,1.0117951476651399e-09,1.0117951476651399e-09,1.0117951476651399e-09,1,0.0,0.0,0.0,1,1.695794948908258e-09,1.695794948908258e-09,1.695794948908258e-09,1,5.257173363304446e-09,5.257173363304446e-09,5.257173363304446e-09
nominal,mpc_sense_20,goal,1,4.050031066071824e-07,4.050031066071824e-07,4.050031066071824e-07,1,0.0,0.0,0.0,1,7.962659559490604e-10,7.962659559490604e-10,7.962659559490604e-10,1,1.0117951476651399e-09,1.0117951476651399e-09,1.0117951476651399e-09,1,0.0,0.0,0.0,1,1.695794948908258e-09,1.695794948908258e-09,1.695794948908258e-09,1,5.257173363304446e-09,5.257173363304446e-09,5.257173363304446e-09
nominal,mpc_sense_2000,goal,1,-2.9735078090994875,-2.9735078090994875,-2.9735078090994875,1,0.0,0.0,0.0,1,-0.018823816166502624,-0.018823816166502624,-0.018823816166502624,1,-0.021067879295839254,-0.021067879295839254,-0.021067879295839254,1,0.0,0.0,0.0,1,-0.03525244894593049,-0.03525244894593049,-0.03525244894593049,1,-0.06402422617398607,-0.06402422617398607,-0.06402422617398607
nominal,sa_nav,goal,1,4.841797363042133e-07,4.841797363042133e-07,4.841797363042133e-07,1,0.0,0.0,0.0,1,5.257022595017702e-11,5.257022595017702e-11,5.257022595017702e-11,1,4.687716881335291e-10,4.687716881335291e-10,4.687716881335291e-10,1,0.0,0.0,0.0,1,7.695916681704773e-10,7.695916681704773e-10,7.695916681704773e-10,1,4.165315203863429e-09,4.165315203863429e-09,4.165315203863429e-09
nominal,sa_sense_0p2,goal,1,4.854133521803305e-07,4.854133521803305e-07,4.854133521803305e-07,1,0.0,0.0,0.0,1,-1.147798522893595e-11,-1.147798522893595e-11,-1.147798522893595e-11,1,2.9333863116320913e-10,2.9333863116320913e-10,2.9333863116320913e-10,1,0.0,0.0,0.0,1,4.843984102720356e-10,4.843984102720356e-10,4.843984102720356e-10,1,3.183708408016628e-09,3.183708408016628e-09,3.183708408016628e-09
nominal,sa_sense_20,goal,1,-232.2746232410171,-232.2746232410171,-232.2746232410171,1,73.0,73.0,73.0,1,-0.02951161550536619,-0.02951161550536619,-0.02951161550536619,1,-0.05326221465222736,-0.05326221465222736,-0.05326221465222736,1,0.0,0.0,0.0,1,-0.09378025145127544,-0.09378025145127544,-0.09378025145127544,1,-0.02770434350966733,-0.02770434350966733,-0.02770434350966733
