scenario,method,episodes,successes,success_rate,success_ci_low,success_ci_high,episode_return_n,episode_return_mean,episode_return_std,episode_return_ci_low,episode_return_ci_high,restricted_team_time_n,restricted_team_time_mean,restricted_team_time_std,restricted_team_time_ci_low,restricted_team_time_ci_high,success_time_n,success_time_mean,success_time_std,success_time_ci_low,success_time_ci_high,total_path_length_n,total_path_length_mean,total_path_length_std,total_path_length_ci_low,total_path_length_ci_high,total_energy_proxy_n,total_energy_proxy_mean,total_energy_proxy_std,total_energy_proxy_ci_low,total_energy_proxy_ci_high,goal_distance_mean_n,goal_distance_mean_mean,goal_distance_mean_std,goal_distance_mean_ci_low,goal_distance_mean_ci_high,communication_rate_n,communication_rate_mean,communication_rate_std,communication_rate_ci_low,communication_rate_ci_high,rho_pos_mean_n,rho_pos_mean_mean,rho_pos_mean_std,rho_pos_mean_ci_low,rho_pos_mean_ci_high,rho_prefix_mean_n,rho_prefix_mean_mean,rho_prefix_mean_std,rho_prefix_mean_ci_low,rho_prefix_mean_ci_high,safety_interventions_n,safety_interventions_mean,safety_interventions_std,safety_interventions_ci_low,safety_interventions_ci_high,collisions_n,collisions_mean,collisions_std,collisions_ci_low,collisions_ci_high,boundary_requests_n,boundary_requests_mean,boundary_requests_std,boundary_requests_ci_low,boundary_requests_ci_high,policy_ms_per_step_n,policy_ms_per_step_mean,policy_ms_per_step_std,policy_ms_per_step_ci_low,policy_ms_per_step_ci_high,tracking_rmse_n,tracking_rmse_mean,tracking_rmse_std,tracking_rmse_ci_low,tracking_rmse_ci_high,tracking_prefix_rmse_n,tracking_prefix_rmse_mean,tracking_prefix_rmse_std,tracking_prefix_rmse_ci_low,tracking_prefix_rmse_ci_high,prior_tracking_rmse_n,prior_tracking_rmse_mean,prior_tracking_rmse_std,prior_tracking_rmse_ci_low,prior_tracking_rmse_ci_high,measurement_updates_n,measurement_updates_mean,measurement_updates_std,measurement_updates_ci_low,measurement_updates_ci_high,communication_prefix_rate_n,communication_prefix_rate_mean,communication_prefix_rate_std,communication_prefix_rate_ci_low,communication_prefix_rate_ci_high,tracking_prefix_early_rmse_n,tracking_prefix_early_rmse_mean,tracking_prefix_early_rmse_std,tracking_prefix_early_rmse_ci_low,tracking_prefix_early_rmse_ci_high,tracking_prefix_late_rmse_n,tracking_prefix_late_rmse_mean,tracking_prefix_late_rmse_std,tracking_prefix_late_rmse_ci_low,tracking_prefix_late_rmse_ci_high,tracking_prefix_p95_error_n,tracking_prefix_p95_error_mean,tracking_prefix_p95_error_std,tracking_prefix_p95_error_ci_low,tracking_prefix_p95_error_ci_high,position_nees_prefix_mean_n,position_nees_prefix_mean_mean,position_nees_prefix_mean_std,position_nees_prefix_mean_ci_low,position_nees_prefix_mean_ci_high,position_coverage_prefix_rate_n,position_coverage_prefix_rate_mean,position_coverage_prefix_rate_std,position_coverage_prefix_rate_ci_low,position_coverage_prefix_rate_ci_high
crossing,goal,1,0,0.0,0.0,0.7934506856227626,1,-1928.2347532537212,,-1928.2347532537212,-1928.2347532537212,1,100.0,,100.0,100.0,0,,,,,1,99.99999993027899,,99.99999993027899,99.99999993027899,1,109.99999871713338,,109.99999871713338,109.99999871713338,1,61.80339890984999,,61.80339890984999,61.80339890984999,1,0.08,,0.08,0.08,1,0.39940760431612365,,0.39940760431612365,0.39940760431612365,1,0.1348740588463578,,0.1348740588463578,0.1348740588463578,1,90.0,,90.0,90.0,1,0.0,,0.0,0.0,1,0.0,,0.0,0.0,1,0.016027999972720863,,0.016027999972720863,0.016027999972720863,1,0.5201378578406912,,0.5201378578406912,0.5201378578406912,1,0.28942117875153234,,0.28942117875153234,0.28942117875153234,1,1.2778132057571638,,1.2778132057571638,1.2778132057571638,1,116.0,,116.0,116.0,1,0.8,,0.8,0.8,1,0.284965978993306,,0.284965978993306,0.284965978993306,1,0.29130969272982715,,0.29130969272982715,0.29130969272982715,1,0.4418645729933917,,0.4418645729933917,0.4418645729933917,1,2.6520490217070583,,2.6520490217070583,2.6520490217070583,1,1.0,,1.0,1.0
crossing,mpc_nav,1,1,1.0,0.20654931437723745,1.0,1,254.08628386440654,,254.08628386440654,254.08628386440654,1,25.0,,25.0,25.0,1,25.0,,25.0,25.0,1,229.0160787999668,,229.0160787999668,229.0160787999668,1,52.82438032416171,,52.82438032416171,52.82438032416171,1,4.2811483098641165,,4.2811483098641165,4.2811483098641165,1,0.574468085106383,,0.574468085106383,0.574468085106383,1,0.2690389730146712,,0.2690389730146712,0.2690389730146712,1,0.0993354914536935,,0.0993354914536935,0.0993354914536935,1,0.0,,0.0,0.0,1,0.0,,0.0,0.0,1,0.0,,0.0,0.0,1,0.356188000041584,,0.356188000041584,0.356188000041584,1,0.4635786876793064,,0.4635786876793064,0.4635786876793064,1,0.2387312312921168,,0.2387312312921168,0.2387312312921168,1,2.131734187358956,,2.131734187358956,2.131734187358956,1,52.0,,52.0,52.0,1,0.9,,0.9,0.9,1,0.284965978993306,,0.284965978993306,0.284965978993306,1,0.21590645474095677,,0.21590645474095677,0.21590645474095677,1,0.3446340234866778,,0.3446340234866778,0.3446340234866778,1,2.436209022372741,,2.436209022372741,2.436209022372741,1,1.0,,1.0,1.0
crossing,mpc_sense_20,1,1,1.0,0.20654931437723745,1.0,1,254.08628386440654,,254.08628386440654,254.08628386440654,1,25.0,,25.0,25.0,1,25.0,,25.0,25.0,1,229.0160787999668,,229.0160787999668,229.0160787999668,1,52.82438032416171,,52.82438032416171,52.82438032416171,1,4.2811483098641165,,4.2811483098641165,4.2811483098641165,1,0.574468085106383,,0.574468085106383,0.574468085106383,1,0.2690389730146712,,0.2690389730146712,0.2690389730146712,1,0.0993354914536935,,0.0993354914536935,0.0993354914536935,1,0.0,,0.0,0.0,1,0.0,,0.0,0.0,1,0.0,,0.0,0.0,1,42.22572399994533,,42.22572399994533,42.22572399994533,1,0.4635786876793064,,0.4635786876793064,0.4635786876793064,1,0.2387312312921168,,0.2387312312921168,0.2387312312921168,1,2.131734187358956,,2.131734187358956,2.131734187358956,1,52.0,,52.0,52.0,1,0.9,,0.9,0.9,1,0.284965978993306,,0.284965978993306,0.284965978993306,1,0.21590645474095677,,0.21590645474095677,0.21590645474095677,1,0.3446340234866778,,0.3446340234866778,0.3446340234866778,1,2.436209022372741,,2.436209022372741,2.436209022372741,1,1.0,,1.0,1.0
crossing,mpc_sense_2000,1,1,1.0,0.20654931437723745,1.0,1,257.76096393820586,,257.76096393820586,257.76096393820586,1,30.0,,30.0,30.0,1,30.0,,30.0,30.0,1,229.99999984979507,,229.99999984979507,229.99999984979507,1,52.502022367622004,,52.502022367622004,52.502022367622004,1,2.2787641571245056,,2.2787641571245056,2.2787641571245056,1,1.0,,1.0,1.0,1,0.16676324091699138,,0.16676324091699138,0.16676324091699138,1,0.07972101364665699,,0.07972101364665699,0.07972101364665699,1,0.0,,0.0,0.0,1,0.0,,0.0,0.0,1,0.0,,0.0,0.0,1,38.11209000004965,,38.11209000004965,38.11209000004965,1,0.39788585889605443,,0.39788585889605443,0.39788585889605443,1,0.26073651798592895,,0.26073651798592895,0.26073651798592895,1,1.9355687574402876,,1.9355687574402876,1.9355687574402876,1,82.0,,82.0,82.0,1,1.0,,1.0,1.0,1,0.284965978993306,,0.284965978993306,0.284965978993306,1,0.24963358592814916,,0.24963358592814916,0.24963358592814916,1,0.3541098862005233,,0.3541098862005233,0.3541098862005233,1,3.0271339187866806,,3.0271339187866806,3.0271339187866806,1,1.0,,1.0,1.0
crossing,sa_nav,1,1,1.0,0.20654931437723745,1.0,1,253.9119199334524,,253.9119199334524,253.9119199334524,1,34.0,,34.0,34.0,1,34.0,,34.0,34.0,1,279.9408570662437,,279.9408570662437,279.9408570662437,1,59.1708143146139,,59.1708143146139,59.1708143146139,1,2.6100676260749673,,2.6100676260749673,2.6100676260749673,1,0.6785714285714286,,0.6785714285714286,0.6785714285714286,1,0.2615274868634306,,0.2615274868634306,0.2615274868634306,1,0.08714468749763465,,0.08714468749763465,0.08714468749763465,1,0.0,,0.0,0.0,1,0.0,,0.0,0.0,1,0.0,,0.0,0.0,1,4.35757941175004,,4.35757941175004,4.35757941175004,1,0.476236322210418,,0.476236322210418,0.476236322210418,1,0.26225687778135154,,0.26225687778135154,0.26225687778135154,1,1.8638136522762083,,1.8638136522762083,1.8638136522762083,1,72.0,,72.0,72.0,1,1.0,,1.0,1.0,1,0.284965978993306,,0.284965978993306,0.284965978993306,1,0.2518984693100966,,0.2518984693100966,0.2518984693100966,1,0.374358671068557,,0.374358671068557,0.374358671068557,1,2.9180818620822717,,2.9180818620822717,2.9180818620822717,1,1.0,,1.0,1.0
crossing,sa_sense_0p2,1,1,1.0,0.20654931437723745,1.0,1,254.25545943698003,,254.25545943698003,254.25545943698003,1,34.0,,34.0,34.0,1,34.0,,34.0,34.0,1,279.9871882314986,,279.9871882314986,279.9871882314986,1,59.37612787775831,,59.37612787775831,59.37612787775831,1,2.271824550762908,,2.271824550762908,2.271824550762908,1,0.6785714285714286,,0.6785714285714286,0.6785714285714286,1,0.26126076265004666,,0.26126076265004666,0.26126076265004666,1,0.08714468749763465,,0.08714468749763465,0.08714468749763465,1,0.0,,0.0,0.0,1,0.0,,0.0,0.0,1,0.0,,0.0,0.0,1,29.534035294144655,,29.534035294144655,29.534035294144655,1,0.476187589985081,,0.476187589985081,0.476187589985081,1,0.26225687778135154,,0.26225687778135154,0.26225687778135154,1,1.8637562557637704,,1.8637562557637704,1.8637562557637704,1,72.0,,72.0,72.0,1,1.0,,1.0,1.0,1,0.284965978993306,,0.284965978993306,0.284965978993306,1,0.2518984693100966,,0.2518984693100966,0.2518984693100966,1,0.374358671068557,,0.374358671068557,0.374358671068557,1,2.9180818620822717,,2.9180818620822717,2.9180818620822717,1,1.0,,1.0,1.0
crossing,sa_sense_20,1,0,0.0,0.0,0.7934506856227626,1,26.53407045507379,,26.53407045507379,26.53407045507379,1,100.0,,100.0,100.0,0,,,,,1,527.9600655542806,,527.9600655542806,527.9600655542806,1,119.66251657443905,,119.66251657443905,119.66251657443905,1,42.821229901852206,,42.821229901852206,42.821229901852206,1,0.9849624060150376,,0.9849624060150376,0.9849624060150376,1,0.0774720604291742,,0.0774720604291742,0.0774720604291742,1,0.0684950438165681,,0.0684950438165681,0.0684950438165681,1,0.0,,0.0,0.0,1,0.0,,0.0,0.0,1,0.0,,0.0,0.0,1,28.65151699994385,,28.65151699994385,28.65151699994385,1,0.2637090792942385,,0.2637090792942385,0.2637090792942385,1,0.24476146608816188,,0.24476146608816188,0.24476146608816188,1,1.1022105964493574,,1.1022105964493574,1.1022105964493574,1,231.0,,231.0,231.0,1,1.0,,1.0,1.0,1,0.284965978993306,,0.284965978993306,0.284965978993306,1,0.22534574238122698,,0.22534574238122698,0.22534574238122698,1,0.3446340234866778,,0.3446340234866778,0.3446340234866778,1,3.0719006520611414,,3.0719006520611414,3.0719006520611414,1,1.0,,1.0,1.0
nominal,goal,1,1,1.0,0.20654931437723745,1.0,1,266.83616581074546,,266.83616581074546,266.83616581074546,1,27.0,,27.0,27.0,1,27.0,,27.0,27.0,1,234.9999990105532,,234.9999990105532,234.9999990105532,1,47.99999959903677,,47.99999959903677,47.99999959903677,1,0.572678431580588,,0.572678431580588,0.572678431580588,1,1.0,,1.0,1.0,1,0.1968085126985603,,0.1968085126985603,0.1968085126985603,1,0.09013413253939198,,0.09013413253939198,0.09013413253939198,1,0.0,,0.0,0.0,1,0.0,,0.0,0.0,1,0.0,,0.0,0.0,1,0.016759259341159596,,0.016759259341159596,0.016759259341159596,1,0.4206144328642955,,0.4206144328642955,0.4206144328642955,1,0.31472037726038676,,0.31472037726038676,0.31472037726038676,1,2.018381092053112,,2.018381092053112,2.018381092053112,1,74.0,,74.0,74.0,1,1.0,,1.0,1.0,1,0.38947289211769004,,0.38947289211769004,0.38947289211769004,1,0.27656612682416687,,0.27656612682416687,0.27656612682416687,1,0.5287724848675552,,0.5287724848675552,0.5287724848675552,1,2.4997712394630844,,2.4997712394630844,2.4997712394630844,1,1.0,,1.0,1.0
nominal,mpc_nav,1,1,1.0,0.20654931437723745,1.0,1,266.83616621574856,,266.83616621574856,266.83616621574856,1,27.0,,27.0,27.0,1,27.0,,27.0,27.0,1,234.99999981364618,,234.99999981364618,234.99999981364618,1,47.999999920273964,,47.999999920273964,47.999999920273964,1,0.572678030034123,,0.572678030034123,0.572678030034123,1,1.0,,1.0,1.0,1,0.196808513299511,,0.196808513299511,0.196808513299511,1,0.09013413333565794,,0.09013413333565794,0.09013413333565794,1,0.0,,0.0,0.0,1,0.0,,0.0,0.0,1,0.0,,0.0,0.0,1,0.344396296356906,,0.344396296356906,0.344396296356906,1,0.42061443336227766,,0.42061443336227766,0.42061443336227766,1,0.3147203782721819,,0.3147203782721819,0.3147203782721819,1,2.0183810921610092,,2.0183810921610092,2.0183810921610092,1,74.0,,74.0,74.0,1,1.0,,1.0,1.0,1,0.3894728920332421,,0.3894728920332421,0.3894728920332421,1,0.2765661285199618,,0.2765661285199618,0.2765661285199618,1,0.5287724864319417,,0.5287724864319417,0.5287724864319417,1,2.499771244720258,,2.499771244720258,2.499771244720258,1,1.0,,1.0,1.0
nominal,mpc_sense_20,1,1,1.0,0.20654931437723745,1.0,1,266.83616621574856,,266.83616621574856,266.83616621574856,1,27.0,,27.0,27.0,1,27.0,,27.0,27.0,1,234.99999981364618,,234.99999981364618,234.99999981364618,1,47.999999920273964,,47.999999920273964,47.999999920273964,1,0.572678030034123,,0.572678030034123,0.572678030034123,1,1.0,,1.0,1.0,1,0.196808513299511,,0.196808513299511,0.196808513299511,1,0.09013413333565794,,0.09013413333565794,0.09013413333565794,1,0.0,,0.0,0.0,1,0.0,,0.0,0.0,1,0.0,,0.0,0.0,1,38.37959259251673,,38.37959259251673,38.37959259251673,1,0.42061443336227766,,0.42061443336227766,0.42061443336227766,1,0.3147203782721819,,0.3147203782721819,0.3147203782721819,1,2.0183810921610092,,2.0183810921610092,2.0183810921610092,1,74.0,,74.0,74.0,1,1.0,,1.0,1.0,1,0.3894728920332421,,0.3894728920332421,0.3894728920332421,1,0.2765661285199618,,0.2765661285199618,0.2765661285199618,1,0.5287724864319417,,0.5287724864319417,0.5287724864319417,1,2.499771244720258,,2.499771244720258,2.499771244720258,1,1.0,,1.0,1.0
nominal,mpc_sense_2000,1,1,1.0,0.20654931437723745,1.0,1,263.86265800164597,,263.86265800164597,263.86265800164597,1,27.0,,27.0,27.0,1,27.0,,27.0,27.0,1,241.63664451079413,,241.63664451079413,241.63664451079413,1,55.17099733177271,,55.17099733177271,55.17099733177271,1,2.605366940228536,,2.605366940228536,2.605366940228536,1,1.0,,1.0,1.0,1,0.16949466792490564,,0.16949466792490564,0.16949466792490564,1,0.07131031637288936,,0.07131031637288936,0.07131031637288936,1,0.0,,0.0,0.0,1,0.0,,0.0,0.0,1,0.0,,0.0,0.0,1,48.35231851854957,,48.35231851854957,48.35231851854957,1,0.40119854386657616,,0.40119854386657616,0.40119854386657616,1,0.2936524979645475,,0.2936524979645475,0.2936524979645475,1,2.0135133133484575,,2.0135133133484575,2.0135133133484575,1,80.0,,80.0,80.0,1,1.0,,1.0,1.0,1,0.3893121531155247,,0.3893121531155247,0.3893121531155247,1,0.24131367787823638,,0.24131367787823638,0.24131367787823638,1,0.4999193372199199,,0.4999193372199199,0.4999193372199199,1,2.4357470132890984,,2.4357470132890984,2.4357470132890984,1,1.0,,1.0,1.0
nominal,sa_nav,1,1,1.0,0.20654931437723745,1.0,1,266.8361662949252,,266.8361662949252,266.8361662949252,1,27.0,,27.0,27.0,1,27.0,,27.0,27.0,1,234.99999997356545,,234.99999997356545,234.99999997356545,1,47.99999998424165,,47.99999998424165,47.99999998424165,1,0.5726779500812358,,0.5726779500812358,0.5726779500812358,1,1.0,,1.0,1.0,1,0.19680851328875879,,0.19680851328875879,0.19680851328875879,1,0.09013413259196221,,0.09013413259196221,0.09013413259196221,1,0.0,,0.0,0.0,1,0.0,,0.0,0.0,1,0.0,,0.0,0.0,1,4.292674074046469,,4.292674074046469,4.292674074046469,1,0.42061443368557044,,0.42061443368557044,0.42061443368557044,1,0.31472037772915845,,0.31472037772915845,0.31472037772915845,1,2.0183810921235894,,2.0183810921235894,2.0183810921235894,1,74.0,,74.0,74.0,1,1.0,,1.0,1.0,1,0.3894728921052109,,0.3894728921052109,0.3894728921052109,1,0.27656612759375854,,0.27656612759375854,0.27656612759375854,1,0.5287724852677771,,0.5287724852677771,0.5287724852677771,1,2.4997712436283996,,2.4997712436283996,2.4997712436283996,1,1.0,,1.0,1.0
nominal,sa_sense_0p2,1,1,1.0,0.20654931437723745,1.0,1,266.8361662961588,,266.8361662961588,266.8361662961588,1,27.0,,27.0,27.0,1,27.0,,27.0,27.0,1,234.99999997407727,,234.99999997407727,234.99999997407727,1,47.999999984446355,,47.999999984446355,47.999999984446355,1,0.5726779498329057,,0.5726779498329057,0.5726779498329057,1,1.0,,1.0,1.0,1,0.19680851301331234,,0.19680851301331234,0.19680851301331234,1,0.090134132527914,,0.090134132527914,0.090134132527914,1,0.0,,0.0,0.0,1,0.0,,0.0,0.0,1,0.0,,0.0,0.0,1,31.76155555552719,,31.76155555552719,31.76155555552719,1,0.42061443314288377,,0.42061443314288377,0.42061443314288377,1,0.3147203775537254,,0.3147203775537254,0.3147203775537254,1,2.018381092165658,,2.018381092165658,2.018381092165658,1,74.0,,74.0,74.0,1,1.0,,1.0,1.0,1,0.3894728921052109,,0.3894728921052109,0.3894728921052109,1,0.2765661273085653,,0.2765661273085653,0.2765661273085653,1,0.5287724850084428,,0.5287724850084428,0.5287724850084428,1,2.499771242646793,,2.499771242646793,2.499771242646793,1,1.0,,1.0,1.0
nominal,sa_sense_20,1,0,0.0,0.0,0.7934506856227626,1,34.56154256972835,,34.56154256972835,34.56154256972835,1,100.0,,100.0,100.0,0,,,,,1,520.359495887801,,520.359495887801,520.359495887801,1,110.0056324292983,,110.0056324292983,110.0056324292983,1,39.48446516529839,,39.48446516529839,39.48446516529839,1,0.9927007299270073,,0.9927007299270073,0.9927007299270073,1,0.08329020157962176,,0.08329020157962176,0.08329020157962176,1,0.06062251703402579,,0.06062251703402579,0.06062251703402579,1,0.0,,0.0,0.0,1,0.0,,0.0,0.0,1,1.0,,1.0,1.0,1,28.79724800004624,,28.79724800004624,28.79724800004624,1,0.26129862853758845,,0.26129862853758845,0.26129862853758845,1,0.2614581626081594,,0.2614581626081594,0.2614581626081594,1,1.099256347605659,,1.099256347605659,1.099256347605659,1,236.0,,236.0,236.0,1,1.0,,1.0,1.0,1,0.3871816861601746,,0.3871816861601746,0.3871816861601746,1,0.18278587537289143,,0.18278587537289143,0.18278587537289143,1,0.4549012256919429,,0.4549012256919429,0.4549012256919429,1,2.472066895953417,,2.472066895953417,2.472066895953417,1,1.0,,1.0,1.0
