mean_step_reward,mean_reward_progress,mean_reward_distance,mean_reward_arrival,mean_reward_completion,mean_reward_sensing,mean_reward_time,mean_reward_energy,mean_reward_communication,mean_reward_collision,mean_reward_boundary,mean_reward_timeout,pi_loss_0,kl_0,entropy_0,clipfrac_0,valid_samples_0,pi_loss_1,kl_1,entropy_1,clipfrac_1,valid_samples_1,value_loss,rollout_seconds,update_seconds,rollout_steps_per_second,epoch,environment_steps,completed_episodes
-2.5988748944966398,-0.5167165545219017,-0.29807341101080426,0.0,0.0,-0.031710112719344374,-0.19999999999999282,-0.05330173939335991,-0.008350420601233893,0.0,-0.51416015625,-0.9765625,-0.008183779194951057,0.016330014914274216,2.7559914588928223,0.28466796875,2048,-0.008351083844900131,0.016293484717607498,2.757176399230957,0.25927734375,2048,14527.384765625,19.76080980000006,0.514724099999512,103.63947736595257,1,2048,20
-2.123388098315411,-0.1935945311894148,-0.27851076145611514,0.0,0.0,-0.029371923603121266,-0.19999999999999282,-0.054395199401693545,-0.0032578701650622884,-0.009765625,-0.3779296875,-0.9765625,-0.011994066648185253,0.02253309078514576,2.7551913261413574,0.2705078125,2048,-0.004487236961722374,0.007988144643604755,2.758052110671997,0.146484375,2048,10438.173828125,15.248162900000352,0.1124006999998528,134.31126185043266,2,4096,20
-1.8021921209763812,0.1557315099563138,-0.24381433850364326,0.0,0.0,-0.0313211233929041,-0.19999999999999282,-0.05457197179930527,-0.024895884736841168,-0.05859375,-0.3193359375,-1.025390625,-0.005537369754165411,0.01957773044705391,2.7538959980010986,0.2666015625,2048,-0.006345781031996012,0.008073852397501469,2.7586913108825684,0.146484375,2048,9466.7861328125,18.735656500000005,0.090903199999957,109.31028757919422,3,6144,21
-1.3566641344483767,0.452347757476575,-0.218889839489686,0.01953125,0.0,-0.035354849750599916,-0.19667968749999298,-0.05368761008943448,-0.02461474884523285,0.0,-0.34716796875,-0.9521484375,-0.006870548240840435,0.021342433989048004,2.7527613639831543,0.23291015625,2048,-0.002528469543904066,0.01147858053445816,2.7586731910705566,0.13282829523086548,1980,6825.9921875,16.116219399999864,0.07818179999958375,127.07694957292635,4,8192,20
-1.302900913617031,0.6577776080096126,-0.1992435450660836,0.0,0.0,-0.0366625499345732,-0.19999999999999282,-0.05525332156704151,-0.015417542558949511,-0.029296875,-0.3994140625,-1.025390625,-0.0033143656328320503,0.012388600036501884,2.751863956451416,0.22900390625,2048,-0.004823978990316391,0.00696643115952611,2.7586817741394043,0.02490234375,2048,7180.80859375,16.252788700000565,0.08464309999999386,126.00914451068503,5,10240,21
-1.124364029941201,0.7181429014869545,-0.17108829492710162,0.05859375,0.0,-0.03877583106281951,-0.19682617187499296,-0.05286439714141737,-0.009905361421817662,0.0,-0.5283203125,-0.9033203125,-0.004607258830219507,0.013208379037678242,2.7502152919769287,0.16338880360126495,1983,-0.003555780276656151,0.0024518934078514576,2.759039878845215,0.0361328125,2048,7447.400390625,17.95155909999994,0.19194100000004255,114.08479835046789,6,12288,20
-0.9352746332657296,0.8369369857972655,-0.15819344522828496,0.1171875,0.0,-0.040181863406370345,-0.19379882812499363,-0.05196531247505105,-0.013130763578291129,0.0,-0.55322265625,-0.87890625,-0.002076681237667799,0.005048686638474464,2.748624324798584,0.10619469732046127,1921,-0.002851547673344612,0.008967763744294643,2.75937557220459,0.1015625,2048,6155.8134765625,14.5927015999996,0.0774931000005381,140.34412928720863,7,14336,21
-0.6324803487045229,0.9091100151863301,-0.14553202153169095,0.1953125,0.078125,-0.04002094819471547,-0.1905273437499944,-0.0513007562684698,-0.0033694503959767817,0.0,-0.57861328125,-0.8056640625,-0.001982768066227436,0.012598465196788311,2.748030424118042,0.14861996471881866,1884,-0.0031979100313037634,-0.00013075428432784975,2.7597715854644775,0.01833498477935791,2018,7459.59375,17.288598799999818,0.09838379999928293,118.45957117126355,8,16384,21
-0.560733968535843,0.9077889692849958,-0.140335510075666,0.234375,0.0390625,-0.040825060078797236,-0.17763671874999573,-0.047656533745681524,-0.005916771420691848,0.0,-0.62158203125,-0.7080078125,-0.004473140463232994,0.006243289448320866,2.7486255168914795,0.06670637428760529,1679,-0.002763512544333935,0.008434885181486607,2.760174036026001,0.05870342254638672,1959,5499.013671875,16.141324400000485,0.07195890000002692,126.87930365862286,9,18432,21
-1.1510244180015154,0.8801193852190643,-0.13882898962831394,0.09765625,0.0,-0.041122286181884043,-0.19243164062499335,-0.049793045397953005,-0.0005694038874288595,0.0,-0.802734375,-0.9033203125,-0.0026654954999685287,0.008186986669898033,2.748769521713257,0.10195456445217133,1893,-0.0051059359684586525,0.004788703750818968,2.760637044906616,0.08837890625,2048,8085.5546875,14.855609600000207,0.10724690000006376,137.86038103747498,10,20480,21
-0.85390651800526,0.8688853054157673,-0.1389022477029129,0.17578125,0.0,-0.04056133609310454,-0.1824218749999955,-0.047847599806310946,-7.048356869824519e-05,0.0,-0.73193359375,-0.7568359375,-0.0025281752459704876,-0.0005272653652355075,2.7477633953094482,0.005122367292642593,1757,-0.0035929130390286446,0.006029786076396704,2.7607338428497314,0.16877210140228271,1979,6425.4248046875,16.913115399999697,0.1507688000001508,121.08945936713923,11,22528,20
-0.9884950662999274,0.8967318783252782,-0.1277794771968114,0.13671875,0.0,-0.041102080570345645,-0.18403320312499577,-0.04760061946068566,-0.0003365642723634943,0.0,-0.7666015625,-0.8544921875,-0.0034756946843117476,0.006632599048316479,2.746718168258667,0.054619405418634415,1721,-0.0013033491559326649,0.003701743669807911,2.7614052295684814,0.052734375,2048,7487.02734375,13.72342480000043,0.049441099999967264,149.23388511590312,12,24576,21
-0.6954788749141675,0.9286122021795293,-0.12559814401815053,0.17578125,0.0,-0.040350183082070376,-0.18081054687499398,-0.04779696971811521,-0.0024844521503611014,0.0,-0.64599609375,-0.7568359375,-0.003631068393588066,0.015094156377017498,2.7472081184387207,0.13051359355449677,1655,-0.003653697669506073,0.0034276251681149006,2.7619688510894775,0.09375,2048,5935.9013671875,16.448996199999783,0.144808699999885,124.50607776297176,13,26624,20
-0.7253437311789134,0.9004359280539467,-0.13271510713007992,0.1953125,0.0,-0.04054906957541358,-0.17832031249999514,-0.0477369461887697,-0.0038019738385952507,0.0,-0.6611328125,-0.7568359375,-0.0001384796923957765,0.0006354623474180698,2.7482404708862305,0.017572762444615364,1821,-0.0035544689744710922,0.006875890307128429,2.761704683303833,0.05516111105680466,1831,5507.7451171875,16.51611750000029,0.16360400000030495,124.00008658208952,14,28672,20
-0.7414525382250471,0.8935024371324055,-0.13663603235967986,0.15625,0.0,-0.03926677391907134,-0.18603515624999392,-0.051410935572229956,-0.004320921006470894,0.0,-0.56787109375,-0.8056640625,-0.00674060033634305,0.004532278515398502,2.749265432357788,0.03514552488923073,1821,-0.0029865673277527094,0.0031294452492147684,2.7610113620758057,0.03368527069687843,1989,5145.4921875,13.572483599999941,0.07690100000036182,150.89353285348665,15,30720,21
-0.5771459579305339,0.9474418753312688,-0.12940667670534114,0.1953125,0.0390625,-0.0395746730931175,-0.18276367187499606,-0.049606243133604754,-0.0055607872047387765,0.0,-0.57080078125,-0.78125,-0.000667142157908529,0.014608447439968586,2.749795913696289,0.15345412492752075,1766,-0.002831973135471344,0.006104171741753817,2.7593040466308594,0.10419827699661255,1977,5745.29833984375,16.894402199999604,0.1523299999998926,121.22358493395215,16,32768,21
-0.4233656732493631,0.8965558601628796,-0.12717614465915,0.234375,0.0,-0.04004152538806473,-0.17382812499999584,-0.04789566751698804,-0.0032456958480394753,0.0,-0.478515625,-0.68359375,-0.002562239533290267,0.006932571064680815,2.750222682952881,0.08465608209371567,1512,-0.003327291924506426,-0.0011559922713786364,2.7572433948516846,0.015625,2048,3499.86328125,15.454849099999592,0.0630513999994946,132.51504345002334,17,34816,20
-0.48860994831108023,0.9247958720651014,-0.1316944903210637,0.21484375,0.078125,-0.04084607700534574,-0.18300781249999462,-0.050059695802531265,-0.007309463497238927,0.0,-0.53662109375,-0.7568359375,-0.006032709963619709,0.0049098776653409,2.750408887863159,0.04647058621048927,1700,-0.006316395942121744,0.0037500502075999975,2.755812883377075,0.03369140625,2048,6650.12060546875,14.357644499999878,0.05966020000050776,142.64178222270493,18,36864,21
-0.7562185388671168,0.928500848590155,-0.12819116852353035,0.13671875,0.0,-0.040251744418703723,-0.18374023437499407,-0.05014824380831307,-0.0055325275817247836,0.0,-0.55908203125,-0.8544921875,-0.002342265099287033,0.013326100073754787,2.7506067752838135,0.09429700672626495,1771,-0.0007431191042996943,0.004577581770718098,2.754413604736328,0.1280120462179184,1992,5431.939453125,16.79323050000039,0.17797869999958493,121.9539027943404,19,38912,21
-0.09313120168063298,0.9027394883502305,-0.1220711438589406,0.3515625,0.078125,-0.04035637788279171,-0.17060546874999724,-0.047789652820745064,-0.0027433592183846527,0.0,-0.4560546875,-0.5859375,-0.002369397087022662,0.007087831385433674,2.7505686283111572,0.08580441772937775,1585,-0.004608846269547939,0.004693920724093914,2.7529897689819336,0.0036668414250016212,1909,4072.686767578125,13.365482899999733,0.0760971999998219,153.2305278696695,20,40960,21
-0.48794510850151446,0.9150668584675529,-0.128693919229595,0.25390625,0.0390625,-0.038643981028792705,-0.1832519531249946,-0.05099897321097457,-0.0014231403747041317,0.0,-0.560546875,-0.732421875,-0.0024013773072510958,0.0014643935719504952,2.7500715255737305,0.008676789700984955,1844,-0.001913314568810165,0.00473697017878294,2.751441717147827,0.04033525660634041,1909,4847.33984375,16.189454899999873,0.08275419999972655,126.50209736215491,21,43008,21
-0.24192218000841806,0.9769963818774119,-0.11488735294974581,0.2734375,0.0390625,-0.03924081961599046,-0.17084960937499594,-0.04765205206399751,-0.000585602881098572,0.0,-0.4990234375,-0.6591796875,-0.004751355387270451,0.0061320774257183075,2.749429941177368,0.14567901194095612,1620,-0.003960983827710152,0.005148467142134905,2.7502896785736084,0.015965940430760384,1879,3954.546142578125,16.237118900000496,0.11258490000000165,126.13075094251711,22,45056,21
-0.017234158557207332,0.961063925618382,-0.11270833724617686,0.3515625,0.078125,-0.03983250651214513,-0.16948242187499624,-0.047587937978108744,-0.0022415680641573493,0.0,-0.4501953125,-0.5859375,-9.167384268948808e-05,0.007672121748328209,2.7491648197174072,0.08487555384635925,1567,-0.00404213136062026,0.0024276503827422857,2.7492549419403076,0.020483193919062614,1904,3114.68994140625,12.465314000000035,0.06705710000005638,164.29590141090665,23,47104,21
-0.17305595029808696,0.9773519676867745,-0.12179797360384158,0.29296875,0.078125,-0.039247218817144845,-0.17763671874999717,-0.04973414604495167,-0.0022262357689222722,-0.029296875,-0.4423828125,-0.6591796875,-0.007799515500664711,0.007274783682078123,2.7484564781188965,0.0647798702120781,1590,-0.004213116597384214,0.008946336805820465,2.7470717430114746,0.11328125,2048,4603.31787109375,16.55832509999982,0.19273799999973562,123.68400714635216,24,49152,21
0.3317136729131668,0.9872438890754535,-0.10849834914261605,0.41015625,0.078125,-0.03947801963647478,-0.15566406249999806,-0.04476087863319495,0.0,0.0,-0.30712890625,-0.48828125,-0.001177338999696076,0.003498166799545288,2.748331308364868,0.005709624849259853,1226,-0.0023195522371679544,0.011373847723007202,2.744473695755005,0.09633027017116547,1962,3027.56298828125,14.94061789999978,0.15063889999964886,137.0759906790756,25,51200,20
-0.06695987520505926,1.0120322663471408,-0.11099699262778742,0.3125,0.078125,-0.040441414709165936,-0.16782226562499497,-0.04635256234024711,0.0,0.0,-0.46923828125,-0.634765625,-0.0030168318189680576,0.004226516466587782,2.7488722801208496,0.04677623510360718,1582,-0.004659343045204878,0.002616045530885458,2.7425787448883057,0.04851752147078514,1855,4164.1416015625,12.26883050000015,0.14561760000015056,166.927075893662,26,53248,21
0.059120445645085735,1.092308982981803,-0.10803159241213822,0.3515625,0.078125,-0.04041074496650899,-0.167919921874997,-0.04662176877397507,-0.00028263430909574003,0.0,-0.4892578125,-0.6103515625,-0.002333441050723195,0.003479395993053913,2.7488582134246826,0.0504148043692112,1567,-0.0030865822918713093,0.009700230322778225,2.740495443344116,0.11324787139892578,1872,3735.77294921875,15.833211199999823,0.07778129999951489,129.34836617350388,27,55296,22
-0.022325104504806913,0.9896081212674528,-0.10525325308637833,0.3125,0.1171875,-0.039631098335672736,-0.16840820312499596,-0.04721066279301426,-6.282093219552433e-05,0.0,-0.4462890625,-0.634765625,-0.002009047893807292,0.002016595099121332,2.749284267425537,0.0013333333190530539,1500,-0.0011123992735520005,0.002592856530100107,2.7377452850341797,0.012314007617533207,1949,5185.16748046875,15.355112199999894,0.06420780000007653,133.37577565861187,28,57344,21
-0.11448422164352165,0.974869892784639,-0.10626054144310526,0.33203125,0.0390625,-0.03989562641312522,-0.16967773437499672,-0.04739317180366051,-0.002005946643269465,0.0,-0.48486328125,-0.6103515625,-0.0070701660588383675,0.0057108039036393166,2.7496347427368164,0.1086142286658287,1602,-0.006780526135116816,0.006649931892752647,2.7357089519500732,0.03416978195309639,1873,3081.219482421875,12.825880100000177,0.19450090000009368,159.67715151180712,29,59392,21
0.35790464172205805,1.0698205381597454,-0.11330138185094821,0.4296875,0.1171875,-0.03991930771412158,-0.16655273437499676,-0.047281073422220626,-0.0020879615753982153,0.0,-0.376953125,-0.5126953125,-0.0007272625807672739,0.005979693494737148,2.7500598430633545,0.1062455102801323,1393,-0.002585361013188958,0.0029374409932643175,2.733720302581787,0.02329038642346859,2018,3658.14892578125,15.877076699999634,0.1920374000001175,128.9909999616017,30,61440,21
0.33798403484482076,1.0680775774759692,-0.11220461320048425,0.41015625,0.15625,-0.0406125627071764,-0.16572265624999477,-0.04687751943766705,-0.0033480660358216332,0.0,-0.390625,-0.537109375,-0.0034725007135421038,0.003335466142743826,2.7505619525909424,0.08049964904785156,1441,-0.0063538746908307076,0.0035441871732473373,2.7321579456329346,0.06041986495256424,1953,4401.6982421875,14.371560600000521,0.0728992999993352,142.5036610150693,31,63488,22
0.16081519012624376,1.023093790753388,-0.10666886011180783,0.37109375,0.078125,-0.039734569640614184,-0.15932617187499695,-0.04488508596310647,-0.0009217255366136223,0.0,-0.3984375,-0.5615234375,-0.0028155308682471514,0.00927717611193657,2.7512662410736084,0.12379540503025055,1349,-0.003761646104976535,0.0073839640244841576,2.7310636043548584,0.1149425283074379,1914,3425.88232421875,13.77725079999982,0.09240409999983967,148.65084694546076,32,65536,21
-0.011419875243630253,1.0135333123117873,-0.11326373334922368,0.33203125,0.1171875,-0.038947296040528226,-0.17456054687499595,-0.04883841348823469,-0.0004174165524298173,0.0,-0.48779296875,-0.6103515625,-0.004493962042033672,0.00877064373344183,2.7518057823181152,0.14472822844982147,1527,-0.0007539351936429739,0.002469045575708151,2.7306861877441406,0.0078125,2048,5198.5166015625,16.533202800000254,0.07988839999961783,123.87194573092448,33,67584,21
0.15786182800534856,1.0977603425826505,-0.10915971400095793,0.37109375,0.1953125,-0.039523442923864824,-0.17329101562499655,-0.04816118863610484,-0.000915497141373469,0.0,-0.52490234375,-0.6103515625,-0.002575827529653907,0.0029943392146378756,2.752389669418335,0.013367281295359135,1571,-0.002414276357740164,0.0007571600144729018,2.7304458618164062,0.004550050478428602,1978,6115.65234375,13.209840700000314,0.06322159999945143,155.03593468768713,34,69632,22
0.3423208151707142,1.0954345120907973,-0.10663384379166992,0.4296875,0.1953125,-0.03946696738163111,-0.17011718749999657,-0.047657768566790805,-0.0005660546799900074,0.0,-0.4521484375,-0.5615234375,-0.0020273099653422832,0.009940585121512413,2.7532002925872803,0.17171716690063477,1485,-0.00356992706656456,0.004326322581619024,2.729623556137085,0.03851925954222679,1999,5678.8388671875,15.695456800000102,0.11187520000021323,130.48361867365253,35,71680,22
0.27591502661369277,1.1105415676025745,-0.10810823613493922,0.390625,0.1171875,-0.0389452580940024,-0.1641113281249964,-0.04579509060047528,-0.00012756553446565484,0.0,-0.423828125,-0.5615234375,-0.002878050785511732,0.009163687005639076,2.753898859024048,0.04963111877441406,1491,-0.0011556197423487902,0.0020516265649348497,2.7295782566070557,0.01711229979991913,1870,4001.563232421875,15.643009499999607,0.06610919999911857,130.9210992935887,36,73728,22
0.2756961183271771,1.0985779032034098,-0.11424262370113665,0.4296875,0.234375,-0.037979342217693085,-0.17910156249999498,-0.04926568138607714,-0.0003980438213265504,0.0,-0.52001953125,-0.5859375,-0.0031527311075478792,0.0015835044905543327,2.7556700706481934,0.02083333395421505,1680,-0.003844046499580145,-0.0008054990321397781,2.729477882385254,0.010060361586511135,1988,6603.310546875,13.107748500000525,0.09091369999987364,156.24346164407396,37,75776,23
0.2092364825774531,1.0761935237546165,-0.10716650739637039,0.3515625,0.078125,-0.03915608341397844,-0.16308593749999648,-0.04582976286681398,0.0,0.0,-0.35546875,-0.5859375,-0.005699669476598501,0.01804821379482746,2.757202386856079,0.2253233641386032,1469,-0.0034981814678758383,0.009895545430481434,2.7280666828155518,0.11865313351154327,1871,3355.13330078125,15.736498799999026,0.07760700000108045,130.14330735373784,38,77824,21
0.25185843366650984,1.0559572595385087,-0.1002095129936005,0.390625,0.0390625,-0.040139007566299366,-0.1588378906249959,-0.04456677283558075,-0.000872985601517595,0.0,-0.35205078125,-0.537109375,-0.004761149641126394,0.006281023379415274,2.7580466270446777,0.026877470314502716,1265,-0.002238332061097026,0.009954538196325302,2.726276397705078,0.12877263128757477,1988,1985.954833984375,15.1145394999985,0.1499524000009842,135.49867000580488,39,79872,21
0.7198453849659792,1.1223205516493346,-0.10054536941905948,0.546875,0.234375,-0.041078317115772825,-0.15795898437499703,-0.044298745773523565,0.0,0.0,-0.44921875,-0.390625,-0.0019353172974660993,0.012526659294962883,2.758066177368164,0.16124661266803741,1476,-0.006195490714162588,0.011881493031978607,2.7249624729156494,0.09721432626247406,1759,3963.753173828125,11.797115999999733,0.08374719999847002,173.6017514789247,40,81920,22
0.40568286286787797,1.0681179692904441,-0.09843113195447467,0.44921875,0.15625,-0.041335381541010616,-0.15664062499999803,-0.04417343302303112,-0.0010537536540491971,0.0,-0.43798828125,-0.48828125,-0.0010771299712359905,0.004171012435108423,2.757441520690918,0.007989346981048584,1502,-0.005869594868272543,0.015338901430368423,2.7242445945739746,0.16295427083969116,1706,4173.74560546875,14.984143399999084,0.08483760000126495,136.6778163642057,41,83968,21
0.6185659065491355,1.1217933524399357,-0.10413486762881848,0.46875,0.1953125,-0.040047250288193226,-0.15732421874999677,-0.045202386202008275,-0.00026872302177690684,0.0,-0.33203125,-0.48828125,-0.007836556993424892,0.009258908219635487,2.756586790084839,0.08339429646730423,1367,0.0005223652115091681,0.008877077139914036,2.72330379486084,0.11374662816524506,1855,4344.7412109375,15.118352899999081,0.0792260999987775,135.4644922992983,42,86016,22
0.6569089474769615,1.1192515107579335,-0.10412781164403254,0.46875,0.1171875,-0.03912315639725853,-0.15668945312499652,-0.045154794730618356,-0.000548128634060938,0.0,-0.23876953125,-0.4638671875,-0.0004090309957973659,0.0037343185395002365,2.7559115886688232,0.08871662616729736,1161,-0.00675365561619401,0.005080925300717354,2.7227866649627686,0.11328125,2048,2161.40380859375,11.446777300001486,0.15963949999968463,178.91498596724986,43,88064,22
0.2444855477429017,1.0388629127237754,-0.10522335483369329,0.37109375,0.1171875,-0.03965657297829752,-0.16572265624999605,-0.0467630621688814,0.0,0.0,-0.36376953125,-0.5615234375,-0.0028099375776946545,0.003727551782503724,2.7553460597991943,0.012508686631917953,1439,-0.001882295124232769,0.01759207993745804,2.722126007080078,0.17493607103824615,1955,3936.13232421875,15.687328500000149,0.07344079999893438,130.55122801820465,44,90112,21
0.8247981963450466,1.1136781748372024,-0.09951566106915304,0.52734375,0.234375,-0.0400566505834366,-0.15561523437499797,-0.04447368246456504,0.0,0.0,-0.2958984375,-0.4150390625,-0.003080309834331274,0.003224888350814581,2.7543466091156006,0.02601625956594944,1230,-0.003310523694381118,0.01054952573031187,2.7213213443756104,0.10475216805934906,1957,3624.9697265625,14.974792400000297,0.08339279999927385,136.7631647434364,45,92160,22
0.8425454288948241,1.1762935545013713,-0.0948140331758159,0.52734375,0.234375,-0.040115281148616184,-0.1520996093749987,-0.04378951440711752,0.0,0.0,-0.3251953125,-0.439453125,-0.0026390179991722107,0.005779029335826635,2.753108263015747,0.06328125298023224,1280,-0.001802849117666483,0.006761485710740089,2.720271587371826,0.1079019159078598,1835,4064.209228515625,11.479218700000274,0.1897348000002239,178.40935463664883,46,94208,22
0.9396862290637187,1.1817876131972262,-0.09410719560942189,0.56640625,0.3125,-0.04032325839350044,-0.15166015624999643,-0.0430875414417585,-0.0003255761888275418,0.0,-0.40087890625,-0.390625,-0.008213580586016178,0.0028280997648835182,2.7521870136260986,0.08903605490922928,1359,-0.00546173844486475,0.010190925560891628,2.7193150520324707,0.11619919538497925,1747,4594.60107421875,14.794426399999793,0.11073340000075405,138.43051056038433,47,96256,23
1.1978944501776558,1.3153667218942853,-0.10164664022590915,0.64453125,0.4296875,-0.03842050365299949,-0.1669921874999974,-0.04765196975765437,-6.565808006923362e-05,0.0,-0.421875,-0.4150390625,-0.0014491439796984196,0.018469108268618584,2.7508883476257324,0.22562673687934875,1436,-0.002511571394279599,0.0015069169458001852,2.7181456089019775,0.018145160749554634,1984,6881.85595703125,15.420976299999893,0.059907399998337496,132.8061181184757,48,98304,25
1.0287763714366398,1.1931466520841725,-0.09456062326045411,0.5859375,0.2734375,-0.04038191238591285,-0.15117187499999699,-0.04389010952963108,-0.0003813854715330533,0.0,-0.302734375,-0.390625,-0.004123945254832506,0.008214583620429039,2.748831033706665,0.0359281450510025,1169,-0.003834012895822525,0.00433027558028698,2.717102527618408,0.07991696894168854,1927,3451.80224609375,11.789532900000268,0.1131584999984625,173.71341319213363,49,100352,23
1.0693925877100536,1.2729647105455761,-0.09607311316263042,0.5859375,0.3515625,-0.03986005539327234,-0.15937499999999605,-0.04539902764762532,-7.19578819919043e-05,0.0,-0.36083984375,-0.439453125,-0.002671844558790326,0.00293633621186018,2.7481930255889893,0.024886878207325935,1326,-0.00596895907074213,0.0076077524572610855,2.716109037399292,0.10216718912124634,1938,5240.05419921875,15.169539299999087,0.15378679999957967,135.0073960387263,50,102400,24
1.27424365078533,1.330991621847956,-0.09633887104112811,0.6640625,0.390625,-0.039850538462761244,-0.15927734374999775,-0.04546090530873308,0.0,0.0,-0.3798828125,-0.390625,-0.005476331803947687,0.006043513771146536,2.7487895488739014,0.04393305629491806,1434,-0.0009781364351511002,0.001430872012861073,2.7142648696899414,0.0716630220413208,1828,4669.1982421875,14.482795899999473,0.05996220000088215,141.4091598156178,51,104448,25
1.062210227468796,1.2582825435689204,-0.09842335805663273,0.625,0.3125,-0.03944694352670988,-0.16347656249999729,-0.04641964191504043,-0.0001612788517415873,0.0,-0.37060546875,-0.4150390625,-0.0023119368124753237,0.004739812109619379,2.7492995262145996,0.11509715765714645,1338,-0.0076973773539066315,0.004546607844531536,2.7123444080352783,0.07114428281784058,2010,4609.828125,12.755827699998918,0.07009060000018508,160.55406580947889,52,106496,24
1.1539508957171998,1.2784971922808381,-0.09900130859707378,0.60546875,0.4296875,-0.039098460525471695,-0.16313476562499513,-0.04694457431608983,0.0,0.0,-0.3720703125,-0.439453125,-0.0024834470823407173,0.0005653966218233109,2.7502427101135254,0.0022831051610410213,1314,-0.0022362454328686,0.018684303387999535,2.71067476272583,0.1899358630180359,2027,7044.97412109375,15.371630600000572,0.15624469999966095,133.23244965305918,53,108544,25
2.1314397317552998,1.4667288066936803,-0.09619666088296411,0.859375,0.6640625,-0.039265056563003144,-0.1507324218749966,-0.04421212311741472,0.0,0.0,-0.2841796875,-0.244140625,-0.003170762909576297,0.007151989731937647,2.7508857250213623,0.11837048083543777,1301,-0.0026045902632176876,0.0061932895332574844,2.709392547607422,0.021276596933603287,1786,7698.8388671875,13.738148100001126,0.06316249999872525,149.073949785112,54,110592,27
1.8961112864562484,1.4289838358591025,-0.09628770263324682,0.78125,0.625,-0.04003635127796137,-0.15317382812499647,-0.04464419861664134,0.0,0.0,-0.31201171875,-0.29296875,-0.004111297894269228,0.0025546608958393335,2.75065541267395,0.048375453799963,1385,-0.006420707330107689,0.0019691206980496645,2.707648277282715,0.03824200853705406,1752,7559.67626953125,12.495173100000102,0.07948959999885119,163.90329158385035,55,112640,26
1.305434471282607,1.2731072577552718,-0.09218739412008987,0.64453125,0.4296875,-0.039831707505576276,-0.15585937499999764,-0.044540403596998956,0.0,0.0,-0.34326171875,-0.3662109375,-0.001987300580367446,-5.599642827291973e-05,2.7506046295166016,0.03894080966711044,1284,-0.0026889366563409567,0.0094198789447546,2.7059547901153564,0.10534590482711792,1908,5906.37109375,14.966562499999782,0.14439020000099845,136.83836886392783,56,114688,24
1.2262294255162187,1.3769692010422645,-0.09494316840907262,0.6640625,0.4296875,-0.0397212043824914,-0.16406249999999548,-0.04586055898448447,0.0,0.0,-0.46044921875,-0.439453125,-0.004519623704254627,0.007296261843293905,2.750232696533203,0.18076688051223755,1643,-0.003101186826825142,0.0018322875257581472,2.7049505710601807,0.007571345195174217,1717,6594.02587890625,14.415735299999142,0.06161489999976766,142.06698148793853,57,116736,26
1.4209077629198652,1.2823928209802864,-0.08747884699205058,0.6640625,0.4296875,-0.0401165330896131,-0.1450195312499979,-0.04248342797875748,0.0,0.0,-0.29833984375,-0.341796875,-0.001152810058556497,0.0026420571375638247,2.749596118927002,0.05263157933950424,1159,-0.005359048955142498,0.009485558606684208,2.7030177116394043,0.17890667915344238,1811,5148.224609375,12.70627450000029,0.14585939999960829,161.18021061169057,58,118784,24
1.9172626721759929,1.421071862823347,-0.09196476765034792,0.8203125,0.5859375,-0.039126840820071965,-0.15590820312499584,-0.04542266030193333,0.0,0.0,-0.30908203125,-0.2685546875,-0.004871123470366001,0.011166132986545563,2.7484169006347656,0.11692558974027634,1223,-0.0005662090261466801,0.011880513280630112,2.700265884399414,0.1680203080177307,1970,5115.0361328125,15.304120200000398,0.09167220000017551,133.82017216513674,59,120832,26
1.7691520394185947,1.4037518086608285,-0.09078674388472446,0.76171875,0.5859375,-0.03995907768789154,-0.15336914062499735,-0.044809050269125024,-1.1694275493025623e-05,0.0,-0.3359375,-0.3173828125,-0.003208417911082506,0.0011830131988972425,2.746752977371216,0.03405572474002838,1292,-0.0077544874511659145,0.015317174606025219,2.697976589202881,0.15575987100601196,1849,6636.05126953125,13.742681699999594,0.07980999999927008,149.0247714898367,60,122880,26
1.8392259242506268,1.513873600199043,-0.0964808502903007,0.83984375,0.6640625,-0.038810602567713126,-0.1692382812499967,-0.04785231684039859,0.0,0.0,-0.533203125,-0.29296875,-0.0014564921148121357,0.0018961001187562943,2.7451257705688477,0.013166144490242004,1595,-0.0045206425711512566,0.014115416444838047,2.69627046585083,0.16354891657829285,1871,7157.22265625,14.39804009999898,0.1111321999997017,142.24158189420135,61,124928,28
2.250173083656895,1.5487902865715772,-0.09451381324724613,0.91796875,0.7421875,-0.038472188373441685,-0.16020507812499815,-0.04681285106232598,-0.00011717835666893147,0.0,-0.39892578125,-0.2197265625,-0.003909166436642408,0.010589373297989368,2.743717670440674,0.09612724930047989,1446,-0.0021816082298755646,0.01884019747376442,2.694704294204712,0.18637603521347046,1835,6216.12841796875,15.504267899999832,0.10928369999965071,132.0926607569792,62,126976,28
2.0932125798066212,1.5279066738458618,-0.09520277018430083,0.87890625,0.6640625,-0.03932695174062467,-0.1599121093749968,-0.04695926800027711,-3.12759890267986e-05,0.0,-0.34326171875,-0.29296875,-0.006100217811763287,0.007852880284190178,2.7431602478027344,0.1113387942314148,1464,-0.005583471152931452,0.018707983195781708,2.693444013595581,0.14246271550655365,1811,6621.51611328125,13.733038299998952,0.08851910000157659,149.12941734096498,63,129024,28
1.9030890974262935,1.4934817803224902,-0.09511850812434405,0.80078125,0.625,-0.039389284565983146,-0.15966796874999606,-0.04670520270586682,0.0,0.0,-0.33349609375,-0.341796875,-0.0010556569322943687,0.005976525135338306,2.7432894706726074,0.158327117562294,1339,-0.006437625735998154,0.006281658075749874,2.6926050186157227,0.12273433804512024,1931,7807.580078125,14.616251999999804,0.09254959999998391,140.11800015489794,64,131072,28
2.58525129164996,1.583244078289392,-0.09272300756516309,0.99609375,0.859375,-0.03871363269627757,-0.15629882812499724,-0.04570653700298929,0.0,0.0,-0.34912109375,-0.1708984375,-0.005578928627073765,0.0069924877025187016,2.744537591934204,0.054135337471961975,1330,-0.001983247697353363,0.007449275813996792,2.6918625831604004,0.1721004843711853,1871,6733.87744140625,16.496012300000075,0.1957507999995869,124.15121683681035,65,133120,29
2.036904418604542,1.4383549283052652,-0.0941742182549152,0.859375,0.703125,-0.03942761123581789,-0.1629394531249971,-0.04729203958498998,0.0,0.0,-0.400390625,-0.2197265625,-0.003668003249913454,0.011684304103255272,2.7455692291259766,0.19827012717723846,1503,-0.004858321975916624,0.009173176251351833,2.691147804260254,0.09869138151407242,1834,6344.5322265625,13.685122900000351,0.05129099999976461,149.65156067395986,66,135168,26
2.29638067366645,1.5783497595780278,-0.09335408126168793,0.8984375,0.703125,-0.03851776472767503,-0.1563476562499975,-0.045995677422215796,0.0,0.0,-0.25634765625,-0.29296875,-0.0026169861666858196,0.0058518145233392715,2.7465503215789795,0.15687789022922516,1294,-0.00471461471170187,0.007561440579593182,2.6901440620422363,0.08542976528406143,1908,7150.80859375,14.871185300000434,0.07632440000088536,137.71598959229834,67,137216,29
2.1168662595521925,1.4288342612110951,-0.08728076157496437,0.83984375,0.6640625,-0.03949885343523214,-0.15219726562499772,-0.044709871023709526,0.0,0.0,-0.2724609375,-0.2197265625,-0.0033931510988622904,0.009299326688051224,2.7471132278442383,0.128043994307518,1273,-0.0013159221271052957,0.011957061477005482,2.687910556793213,0.1561822146177292,1844,5952.60546875,15.16701810000086,0.1473163000009663,135.02983819870855,68,139264,26
2.0327980479719834,1.4190323929538364,-0.08743685187727873,0.8203125,0.625,-0.04017538002355676,-0.15209960937499678,-0.04482679743952124,-0.0001722687664933535,0.0,-0.23828125,-0.2685546875,-0.0019684084691107273,0.01079913042485714,2.7472243309020996,0.1428571492433548,1274,-0.004539436660706997,0.0021366137079894543,2.685469388961792,0.0032590983901172876,1841,5988.83203125,12.191398599999957,0.06412830000044778,167.98728900554588,69,141312,27
2.7952856798585928,1.6643272884281914,-0.09460806583180613,1.03515625,0.8984375,-0.039343897317580936,-0.15576171874999636,-0.046613082920213766,0.0,0.0,-0.29541015625,-0.1708984375,-0.006213370710611343,-0.0023316768929362297,2.7466936111450195,0.07858546078205109,1527,-0.0015338328666985035,0.010080723091959953,2.6821224689483643,0.1346963346004486,1663,7325.501953125,15.04030899999998,0.07441610000023502,136.16741517744103,70,143360,30
3.079632704762856,1.7536218572490634,-0.09369304518719111,1.11328125,0.9765625,-0.038405298233495436,-0.15747070312499778,-0.04701776219051253,0.0,0.0,-0.28076171875,-0.146484375,-0.0015213298611342907,0.003456291975453496,2.7468674182891846,0.06467662006616592,1407,-0.0032010057475417852,0.004203340038657188,2.6784048080444336,0.09900990128517151,1818,7384.1396484375,15.713250299999345,0.15140210000026855,130.33586055713027,71,145408,31
2.3393605296710906,1.5646923655502118,-0.09355428770825408,0.91796875,0.78125,-0.03911362308484355,-0.16010742187499594,-0.046814315711024866,0.0,0.0,-0.3408203125,-0.244140625,-0.006403694394975901,0.00591704435646534,2.7467832565307617,0.1584283858537674,1578,-0.004035868216305971,0.014728103764355183,2.6758525371551514,0.12110523134469986,1701,7523.8642578125,12.30432479999945,0.15057899999919755,166.44554116452548,72,147456,29
2.75080199697054,1.653177303016928,-0.09402952714183817,1.03515625,0.859375,-0.0386188006640894,-0.15805664062499616,-0.04672893136545107,0.0,0.0,-0.26416015625,-0.1953125,-0.00444744061678648,0.019132470712065697,2.7463996410369873,0.2131487876176834,1445,-0.0030311523005366325,0.003040439449250698,2.6736133098602295,0.1199776828289032,1792,6941.515625,15.641852700000527,0.114656500001729,130.93078162025722,73,149504,30
1.9816753912303944,1.3946412643432446,-0.08896844654646362,0.80078125,0.625,-0.03911930934247333,-0.15859374999999765,-0.04571796097391376,0.0,0.0,-0.26220703125,-0.244140625,-0.005943186581134796,0.015003170818090439,2.746624231338501,0.15072685480117798,1307,-0.003180759260430932,0.014856234192848206,2.671570301055908,0.1834106147289276,1941,5210.3916015625,15.683104899999307,0.1140627000004315,130.5863866280771,74,151552,26
3.291552846447472,1.7784964235206477,-0.09710428145025807,1.15234375,1.0546875,-0.03821344428009726,-0.16020507812499665,-0.04786608571782453,0.0,0.0,-0.2041015625,-0.146484375,-0.0006753745838068426,0.0026469894219189882,2.7460107803344727,0.15405777096748352,1454,-0.0035250757355242968,0.012926979921758175,2.6700196266174316,0.16803503036499023,1827,8636.89453125,12.9230318000009,0.07154569999875093,158.4767438241433,75,153600,32
2.5374657044579987,1.5905745163936236,-0.09192770703091795,0.95703125,0.78125,-0.03902955274774084,-0.15708007812499636,-0.04632147403196052,0.0,0.0,-0.2373046875,-0.2197265625,-0.0017816873732954264,0.003410984529182315,2.7451047897338867,0.005315110087394714,1317,-0.0026712636463344097,0.015142498537898064,2.66857647895813,0.20105262100696564,1900,6056.2138671875,15.513183500001105,0.11168849999921804,132.01674562799144,76,155648,29
3.48956299996643,1.8855751239139769,-0.0989219420526201,1.23046875,1.1328125,-0.03797974691459688,-0.16020507812499774,-0.04812410685533074,0.0,0.0,-0.2919921875,-0.1220703125,-0.0031917113810777664,0.006551214028149843,2.7450408935546875,0.05353846028447151,1625,-0.0025234026834368706,0.008937523700296879,2.667489767074585,0.14553140103816986,1656,8276.828125,15.794610599999942,0.08466009999938251,129.66448188346016,77,157696,34
3.6313168240175804,1.8936248984068973,-0.10013087336934691,1.25,1.171875,-0.03779530442085834,-0.16259765624999667,-0.048698302849108276,0.0,0.0,-0.2373046875,-0.09765625,-0.003906220430508256,0.019084328785538673,2.7445907592773438,0.22761447727680206,1463,-0.005077654030174017,0.008683554828166962,2.665682792663574,0.07605784386396408,1867,8384.5927734375,12.208633700000064,0.06962310000017169,167.7501389856581,78,159744,34
2.6456817456034374,1.595294039384719,-0.0905343872121385,0.9765625,0.8203125,-0.038356660066129734,-0.15507812499999715,-0.045525934003017694,0.0,0.0,-0.197265625,-0.2197265625,-0.00407028803601861,0.0007276094402186573,2.743835926055908,0.006530612241476774,1225,-0.001965821487829089,0.008227643556892872,2.6636903285980225,0.09482317417860031,1951,6525.8125,14.872624499999802,0.08926079999946523,137.70266303704685,79,161792,30
3.0941918714598153,1.662533769253353,-0.0921464739095029,1.07421875,1.015625,-0.03813908866163677,-0.15585937499999594,-0.0458688352223985,0.0,0.0,-0.2529296875,-0.0732421875,-0.004635168705135584,0.01617772877216339,2.7434463500976562,0.2920420467853546,1332,-0.0024120223242789507,0.01025314349681139,2.661569118499756,0.10752688348293304,1860,6400.5048828125,15.49610229999962,0.08361520000107703,132.16226637843312,80,163840,29
2.822343589741849,1.6300491196774098,-0.0910860590355889,1.0546875,0.9375,-0.038393974198137906,-0.15864257812499782,-0.045950106076839824,0.0,0.0,-0.3193359375,-0.146484375,-0.0020146993920207024,0.007599227596074343,2.7433693408966064,0.21863798797130585,1395,-0.00562779325991869,0.009717208333313465,2.6599655151367188,0.11380797624588013,1854,6105.19140625,12.547313700000814,0.07078939999883005,163.22218834776302,81,165888,30
3.756533215516728,2.014726411826842,-0.10221066046797982,1.30859375,1.2109375,-0.0375510239670863,-0.16396484374999787,-0.05016979312503949,0.0,0.0,-0.3017578125,-0.1220703125,-0.006114274263381958,0.01025807112455368,2.742644786834717,0.19540229439735413,1653,-0.002367961686104536,0.008345331996679306,2.6582164764404297,0.07331378757953644,1705,8367.5029296875,15.879009500000393,0.07868090000010852,128.97529912051186,82,167936,36
2.842358914398108,1.7071951384975432,-0.09085508187813306,1.0546875,0.8984375,-0.03875670697352903,-0.1553710937499965,-0.04567365399777456,0.0,0.0,-0.2919921875,-0.1953125,-0.0015558090526610613,0.017909910529851913,2.7421112060546875,0.21852900087833405,1414,-0.005808754824101925,0.008329100906848907,2.6564533710479736,0.190610870718956,1768,6837.671875,15.510744499999419,0.08270310000079917,132.03750471165822,83,169984,31
3.713145520431406,1.990292050985973,-0.09969490520918971,1.2890625,1.171875,-0.03727883421593752,-0.1658691406249964,-0.049987244254441766,0.0,0.0,-0.23876953125,-0.146484375,-0.0015263615641742945,0.009926958940923214,2.7419161796569824,0.15167786180973053,1490,-0.0023292344994843006,0.015425349585711956,2.6545329093933105,0.16151022911071777,1907,8280.34375,12.895705599999928,0.1478466999997181,158.81255850009566,84,172032,36
3.5325052375516224,1.9009858705148162,-0.09801189630513245,1.23046875,1.1328125,-0.03774764076388341,-0.160253906249997,-0.048541408394175624,0.0,0.0,-0.21630859375,-0.1708984375,-0.004984954837709665,0.008573227562010288,2.7421884536743164,0.17146776616573334,1458,-0.0034750846680253744,0.00721445307135582,2.6518313884735107,0.04714912176132202,1824,8352.986328125,15.72982310000043,0.08503180000116117,130.19853986787328,85,174080,35
3.6314192560371787,1.8637077172839485,-0.09629946233584262,1.23046875,1.171875,-0.03800335713646529,-0.15917968749999659,-0.04769267302446197,0.0,0.0,-0.22021484375,-0.0732421875,-0.0024148088414222,0.015373666770756245,2.7426085472106934,0.25830507278442383,1475,-0.00217697792686522,0.019397392868995667,2.649772882461548,0.24089637398719788,1785,8024.69580078125,14.340566300001228,0.07241500000054657,142.81165451603013,86,176128,33
3.784112202438882,1.9494072333585801,-0.10036717195589319,1.30859375,1.2109375,-0.03719967332145637,-0.16337890624999662,-0.04940787314235363,0.0,0.0,-0.23681640625,-0.09765625,-0.002281392691656947,0.016273614019155502,2.7424213886260986,0.26644736528396606,1520,-0.00467210728675127,0.005443182773888111,2.6478071212768555,0.14895948767662048,1826,8047.095703125,13.698949699999503,0.14790689999972528,149.50051243710124,87,178176,35
4.079950210881847,2.0591144795878566,-0.10293642661634642,1.38671875,1.328125,-0.037189776322387715,-0.16694335937499616,-0.05051267514227347,0.0,0.0,-0.26318359375,-0.0732421875,-0.006702163722366095,0.01141961757093668,2.7420248985290527,0.09493302553892136,1717,-0.0032640197314321995,0.01159642543643713,2.6454503536224365,0.18742655217647552,1702,8146.46240234375,16.003826899999694,0.15234009999949194,127.96939212083325,88,180224,37
3.887319448241846,1.9981790547061558,-0.09851705191195445,1.328125,1.25,-0.03694459696047049,-0.1622558593749973,-0.04898194196688595,0.0,0.0,-0.24462890625,-0.09765625,-0.0026470511220395565,-0.0029535717330873013,2.741652011871338,0.02806788496673107,1532,-0.0020792512223124504,0.00850767083466053,2.6436052322387695,0.15522053837776184,1791,7952.8642578125,13.148118200000681,0.08177709999836225,155.76373507198116,89,182272,36
3.628943022769489,1.8949260562723294,-0.09581135814918189,1.25,1.2109375,-0.03835050048568731,-0.15913085937499724,-0.047885627992960964,0.0,0.0,-0.263671875,-0.1220703125,-0.004873765166848898,0.006225093733519316,2.7415130138397217,0.0554862879216671,1604,-0.00145699770655483,0.005419218447059393,2.6430485248565674,0.09365559369325638,1655,8193.00390625,14.6250385000003,0.1103134000004502,140.03381939814776,90,184320,35
4.305849080345761,2.150597801937722,-0.10252430706918726,1.42578125,1.3671875,-0.03683209321367966,-0.16347656249999745,-0.050704821309083874,0.0,0.0,-0.2109375,-0.0732421875,-0.0009620091877877712,0.011053984053432941,2.7413666248321533,0.1914212554693222,1562,-0.006137952674180269,0.0043801553547382355,2.6428911685943604,0.12597984075546265,1786,8474.1474609375,15.634397899999385,0.11473019999903045,130.99321208910007,91,186368,38
3.832178722488039,1.9969119458148095,-0.09683314813534913,1.30859375,1.2109375,-0.03764116580570876,-0.15947265624999638,-0.04852062813570838,0.0,0.0,-0.2197265625,-0.1220703125,-0.004173622466623783,0.004598723724484444,2.7417659759521484,0.11768530309200287,1538,-0.006018591113388538,0.01795268803834915,2.6421046257019043,0.1510416716337204,1728,7971.15625,12.218224300000657,0.11116310000033991,167.61846482061145,92,188416,36
3.4995377490601878,1.8297188878279622,-0.09119924091157805,1.23046875,1.1328125,-0.03861456614488105,-0.1550781249999972,-0.0467540504613172,0.0,0.0,-0.26416015625,-0.09765625,-0.00022701967100147158,0.016762832179665565,2.742284059524536,0.22343149781227112,1562,-0.002312698168680072,0.0015954497503116727,2.640354633331299,0.03655514493584633,1614,6411.24072265625,14.905822000000626,0.14661549999982526,137.39597856461145,93,190464,33
3.9419651802811773,1.893486234795977,-0.09524572664335197,1.30859375,1.2890625,-0.03774642090214756,-0.15898437499999793,-0.048216406969297354,0.0,0.0,-0.1845703125,-0.0244140625,-0.0053029959090054035,0.0037096699234098196,2.7428231239318848,0.03448275849223137,1363,-0.006664567161351442,0.025625215843319893,2.6390540599823,0.22398307919502258,1893,6462.072265625,15.222302400001354,0.18718260000059672,134.53943734555017,94,192512,34
4.651413976113884,2.1796684772354937,-0.10332748659542663,1.5234375,1.5234375,-0.03627804672937856,-0.16577148437499717,-0.0514907646717995,0.0,0.0,-0.19384765625,-0.0244140625,-0.0024937575217336416,0.013235022313892841,2.7424979209899902,0.19105690717697144,1476,-0.001248322892934084,0.016303755342960358,2.6377689838409424,0.24283480644226074,1919,8048.78125,12.374356000000262,0.15348859999903652,165.5035623672017,95,194560,40
3.9448099116454935,2.047791181224874,-0.09763807539793702,1.34765625,1.25,-0.03774330260119146,-0.15830078124999816,-0.0485569228302559,0.0,0.0,-0.2607421875,-0.09765625,-0.007970133796334267,0.014058582484722137,2.74210786819458,0.18581293523311615,1593,-0.0030878973193466663,0.00688601890578866,2.6365315914154053,0.07034566253423691,1649,7562.9384765625,15.17423559999952,0.11346319999938714,134.96561236996115,96,196608,36
4.061261305847369,2.0548053960647015,-0.09631948743879695,1.3671875,1.328125,-0.03814089899424132,-0.15659179687499739,-0.04770675065929576,0.0,0.0,-0.27685546875,-0.0732421875,-0.0031985691748559475,0.026104820892214775,2.7415173053741455,0.30816450715065,1629,-0.005561805795878172,0.018048793077468872,2.636263847351074,0.17553865909576416,1578,6964.763671875,15.075605500000165,0.15382560000034573,135.84860654518835,97,198656,37
4.83104039667222,2.29009817091679,-0.10286384466007298,1.58203125,1.5234375,-0.03677524352521233,-0.16030273437499684,-0.05071751418428379,0.0,0.0,-0.1650390625,-0.048828125,-0.0034223797265440226,0.015888789668679237,2.7408652305603027,0.19269776344299316,1479,-0.006283902563154697,0.01813584379851818,2.636274814605713,0.1701773852109909,1804,8228.65234375,11.604664899999989,0.17986580000069807,176.48075301166188,98,200704,41
3.669077421763394,1.9417489460255923,-0.0955481453761051,1.25,1.171875,-0.03797197647517128,-0.16000976562499672,-0.04896585553591824,0.0,0.0,-0.20556640625,-0.146484375,-0.0035364117939025164,0.016572987660765648,2.740309953689575,0.2586328387260437,1419,-0.004579135682433844,0.021624155342578888,2.635958433151245,0.24488696455955505,1858,7629.1650390625,14.992196100000001,0.1009169999997539,136.604403140111,99,202752,35
4.298406107072817,2.1652350403718845,-0.10068373475056025,1.4453125,1.40625,-0.037614376896996836,-0.1630859374999973,-0.0503081654015076,0.0,0.0,-0.29345703125,-0.0732421875,-0.004089230205863714,0.01857925020158291,2.7390942573547363,0.17798593640327454,1708,-0.004121440928429365,0.00913337804377079,2.6347758769989014,0.15747550129890442,1632,7911.55126953125,13.589725999998336,0.046801299999060575,150.70208185214705,100,204800,39
