mean_step_reward,mean_reward_progress,mean_reward_distance,mean_reward_arrival,mean_reward_completion,mean_reward_sensing,mean_reward_time,mean_reward_energy,mean_reward_communication,mean_reward_collision,mean_reward_boundary,mean_reward_timeout,pi_loss_0,kl_0,entropy_0,clipfrac_0,valid_samples_0,pi_loss_1,kl_1,entropy_1,clipfrac_1,valid_samples_1,value_loss,rollout_seconds,update_seconds,rollout_steps_per_second,rollout_device,update_device,epoch,environment_steps,completed_episodes
-2.0649076339408747,-0.16791514709204403,-0.27885129181842505,0.0,0.0,-0.034276258123000045,-0.19999999999999282,-0.05484560393032474,-0.012613082977079424,-0.01953125,-0.3203125,-0.9765625,-0.007258569821715355,0.00688539445400238,2.7579381465911865,0.1103515625,2048,-0.01006857305765152,0.020169958472251892,2.7577075958251953,0.294921875,2048,10461.162109375,2.7931195000001026,1.1202436000003217,733.2303540897283,cpu,cuda,1,2048,20
-1.8481267976298992,0.0683121560486929,-0.2544670207586086,0.0,0.0,-0.038887533105185675,-0.19999999999999282,-0.05478957008042824,-0.033822173484365496,0.0,-0.35791015625,-0.9765625,-0.007760890293866396,0.008167801424860954,2.758812189102173,0.11328125,2048,-0.005632707849144936,0.012110566720366478,2.7575907707214355,0.19140625,2048,10149.9130859375,3.1400521000014123,0.084737999999561,652.2184775211465,cpu,cuda,2,4096,20
-1.7382788241153018,0.19496737480397752,-0.23779991442488432,0.0,0.0,-0.03424590119090082,-0.19999999999999282,-0.05524339914378401,-0.016308546659709065,-0.009765625,-0.3544921875,-1.025390625,-0.003099562134593725,0.009209158830344677,2.759237289428711,0.25341796875,2048,-0.004347881767898798,0.008502009324729443,2.7563159465789795,0.13134765625,2048,9607.314453125,2.8780421999999817,0.11659019999933662,711.5948473583928,cpu,cuda,3,6144,21
-1.1495434675225842,0.5729992295270739,-0.201380381283708,0.0390625,0.0,-0.0370375204071899,-0.19736328124999303,-0.05437871272031716,-0.022910145138442736,-0.009765625,-0.31103515625,-0.927734375,-0.004593187477439642,0.011667788960039616,2.7598562240600586,0.19057171046733856,1994,-0.0026196304243057966,0.0012662408407777548,2.7546327114105225,0.00634765625,2048,6689.8662109375,2.8284020999999484,0.1191512999994302,724.0837503267436,cpu,cuda,4,8192,20
-0.9208305446716317,0.8087005446795268,-0.17798302147233167,0.05859375,0.0,-0.03626216108545203,-0.19628906249999337,-0.05349527682044472,-0.0028062549729323495,0.0,-0.369140625,-0.9521484375,-0.0014235394774004817,0.0114506920799613,2.7605767250061035,0.1655104160308838,2018,-0.00453017745167017,0.002359058940783143,2.753072500228882,0.02297702245414257,2002,5438.2783203125,2.812678700000106,0.12161770000057004,728.131513919426,cpu,cuda,5,10240,21
-0.8139453670755772,0.8391691105139559,-0.16266548207797837,0.1171875,0.0,-0.03752504560224347,-0.1936523437499939,-0.05255649440513369,-0.001636986754176668,0.0,-0.4921875,-0.830078125,-0.003151006530970335,0.008570922538638115,2.759877920150757,0.10427528619766235,1918,-0.005063539370894432,0.005846703425049782,2.7519283294677734,0.04833984375,2048,4937.845703125,2.8111402000013186,0.13598129999991215,728.530010704923,cpu,cuda,6,12288,20
-1.0140504281547158,0.7501029362267776,-0.1668919514784232,0.09765625,0.0,-0.0382624348336993,-0.19194335937499366,-0.051736599819684446,-0.010631518874685919,0.0,-0.4990234375,-0.9033203125,-0.0018214746378362179,0.014934767968952656,2.758199453353882,0.16298896074295044,1994,-0.002165993442758918,-0.00023559079272672534,2.751286745071411,0.004130098037421703,1937,6699.9404296875,2.845283999999083,0.10158059999957914,719.7875502061165,cpu,cuda,7,14336,21
-0.9167317945569677,0.7156440616585403,-0.15716662481057536,0.15625,0.0,-0.039098941104548396,-0.18925781249999485,-0.05089145736684397,-0.015296957933540247,0.0,-0.5556640625,-0.78125,-0.002454767469316721,0.004214554093778133,2.757359743118286,0.08194965124130249,1867,-0.006717321462929249,0.018455155193805695,2.749821662902832,0.15978097915649414,2009,6803.63037109375,2.7922859999998764,0.10678379999990284,733.4492240408363,cpu,cuda,8,16384,20
-0.663529312955737,0.9060909413591449,-0.14266371797952704,0.1953125,0.0,-0.038468861520175694,-0.1878906249999942,-0.05041838182394227,-0.004182574241239191,0.0,-0.56005859375,-0.78125,-0.0023863790556788445,0.011199528351426125,2.756664514541626,0.1818181872367859,1848,-0.0016275261295959353,0.009869041852653027,2.7480287551879883,0.06050000339746475,2000,4816.11572265625,2.7265521999997873,0.09171040000001085,751.1317773414204,cpu,cuda,9,18432,21
-0.8541877038657092,0.925985976206254,-0.13678735738209938,0.13671875,0.0,-0.040109808668322665,-0.18813476562499468,-0.04915081261252285,-0.00026827953402106436,0.0,-0.69677734375,-0.8056640625,-0.0031315330415964127,0.00483953719958663,2.755392074584961,0.046103183180093765,1822,-0.004378331359475851,0.0026406121905893087,2.746095657348633,0.02511078305542469,2031,5873.97314453125,2.7200146000013774,0.17644370000016352,752.9371349694089,cpu,cuda,10,20480,20
-0.6684204161634847,0.9457212572488551,-0.13398233852344685,0.1953125,0.0,-0.041086547931328814,-0.18188476562499492,-0.047968757591519064,-0.002188013741044563,0.0,-0.62109375,-0.78125,-0.007902906276285648,0.007288661785423756,2.7536637783050537,0.07421451807022095,1846,-0.0021531423553824425,0.01521722786128521,2.7448318004608154,0.17935071885585785,1879,5230.5576171875,2.7175091999997676,0.2127323000004253,753.631303253794,cpu,cuda,11,22528,21
-0.5823538938450856,0.9720941150584437,-0.13500390116698946,0.1953125,0.0390625,-0.039744161808405364,-0.18974609374999396,-0.050498184395128876,-0.001272074033004916,0.0,-0.59130859375,-0.78125,-7.376566645689309e-05,0.01071515679359436,2.7523066997528076,0.1879338026046753,1873,-0.00506754033267498,0.006218918599188328,2.743767261505127,0.05067064240574837,2013,5936.03515625,2.6915556999992987,0.22509569999965606,760.8982418608441,cpu,cuda,12,24576,21
-0.4849967091873379,0.8741123152133635,-0.13876817568071204,0.234375,0.0390625,-0.039892031971430465,-0.18261718749999623,-0.050057757222848685,-0.002461372025710357,0.0,-0.486328125,-0.732421875,-0.0019069199915975332,0.0006427846965380013,2.7507941722869873,0.008417508564889431,1782,-0.0020383214578032494,0.005403669085353613,2.7429254055023193,0.08018386363983154,1958,5078.8984375,2.734889400000611,0.13737570000012056,748.8419824214984,cpu,cuda,13,26624,21
-0.6557564782770513,0.8583680223515548,-0.1439317042176665,0.15625,0.0,-0.038652149492445165,-0.1861816406249941,-0.05081622874546527,-0.002745902548030144,0.0,-0.466796875,-0.78125,-0.003042560536414385,0.004867068957537413,2.748509168624878,0.012793177738785744,1876,-0.003015709575265646,0.0008102409192360938,2.742292881011963,0.008776457980275154,1937,5192.1533203125,2.729627000000619,0.14661510000041744,750.2856617404267,cpu,cuda,14,28672,20
-0.47795848785020995,0.9305272519503208,-0.14043288603447532,0.21484375,0.078125,-0.037960765485209165,-0.1869140624999955,-0.05075638226831208,-0.0007224247625298062,0.0,-0.50341796875,-0.78125,-0.005048671737313271,0.015480413101613522,2.74695086479187,0.14747807383537292,1824,-0.0027984122280031443,0.002340620383620262,2.7423341274261475,0.009481037966907024,2004,6609.81396484375,2.7682711999987077,0.09599270000035176,739.8119086023638,cpu,cuda,15,30720,21
-0.2593463251398666,0.94797327303301,-0.12619226102530215,0.25390625,0.0390625,-0.038213331846470786,-0.17143554687499668,-0.046617147807073864,-0.0011308418690297271,0.0,-0.43310546875,-0.68359375,-0.0032229481730610132,0.012558250688016415,2.7464206218719482,0.1342325061559677,1557,-0.004034625831991434,0.005216645076870918,2.7426371574401855,0.03172978386282921,1954,4398.79736328125,2.85947699999997,0.1017959000000701,716.2148882470541,cpu,cuda,16,32768,21
-0.5055506961935383,0.9404410085862598,-0.1309137972881571,0.21484375,0.0,-0.03875977565876957,-0.17456054687499428,-0.04777770024342392,-0.003198634714446533,0.0,-0.5087890625,-0.7568359375,-0.0013137073256075382,0.0014599455753341317,2.7469303607940674,0.0075376881286501884,1592,-0.006255383603274822,0.010881049558520317,2.742034912109375,0.12102874368429184,1983,4172.66357421875,2.8416651999996247,0.14411739999923157,720.7041842931638,cpu,cuda,17,34816,21
-0.48854012600010277,0.8976189953206936,-0.1304558759389674,0.234375,0.0,-0.03963319364318633,-0.1755371093749965,-0.04793730245690705,-0.001384702406737179,0.0,-0.5419921875,-0.68359375,-0.005923807621002197,0.014583551324903965,2.747354030609131,0.11268402636051178,1766,-0.00038917106576263905,0.0022866458166390657,2.741281747817993,0.03171131759881973,1829,3717.6767578125,2.70049310000104,0.18867780000073253,758.380015856812,cpu,cuda,18,36864,20
-0.09171514148438024,1.0471815181783197,-0.12169091124022317,0.33203125,0.1171875,-0.03922930465123162,-0.17807617187499575,-0.04891577876286637,-0.0004962118833768318,0.0,-0.54052734375,-0.6591796875,3.0454355510300957e-05,0.004504879470914602,2.74747633934021,0.07992564886808395,1614,-0.0024395878426730633,0.001658019726164639,2.7407398223876953,0.009837677702307701,2033,5204.97314453125,2.7601864999996906,0.11581490000025951,741.978848168495,cpu,cuda,19,38912,22
-0.24156266349303246,1.0043436025127968,-0.11384749648943646,0.2734375,0.0390625,-0.04060439640051679,-0.17416992187499628,-0.04758570008027742,-6.984491059841883e-05,0.0,-0.52294921875,-0.6591796875,-0.005524609237909317,0.013673273846507072,2.7474212646484375,0.18187423050403595,1622,-0.005728998687118292,0.010419056750833988,2.7400963306427,0.12904885411262512,1945,4340.13134765625,2.6136611999991146,0.14537899999959336,783.5751626877629,cpu,cuda,20,40960,20
-0.5815676247678156,0.9544129738734289,-0.11859052361751019,0.1953125,0.0,-0.040640210247388654,-0.17758789062499555,-0.047179317662898936,-0.0001271877384472812,0.0,-0.59033203125,-0.7568359375,-0.00184081238694489,0.003005636390298605,2.7477428913116455,0.022170361131429672,1714,-0.0033341501839458942,0.0056951334699988365,2.7387948036193848,0.07176286727190018,1923,4638.0322265625,2.722493499999473,0.21159090000037395,752.2515664409838,cpu,cuda,21,43008,21
-0.4602197870150575,0.9603260011295897,-0.12077895343952617,0.25390625,0.0,-0.04038304706288162,-0.17661132812499494,-0.04686534175342737,-0.00026258651381389804,0.0,-0.60595703125,-0.68359375,-0.0037283713463693857,0.009720084257423878,2.748012065887451,0.08563049882650375,1705,-0.0032158095855265856,0.006776442751288414,2.7371826171875,0.07792887091636658,1912,3462.005859375,2.6787511999991693,0.10373510000135866,764.5353551313892,cpu,cuda,22,45056,20
-0.12717006181898763,0.9800697040436193,-0.12066856886889189,0.33203125,0.078125,-0.04041495338956471,-0.17368164062499633,-0.04743761327980642,-0.0018924584493442294,0.0,-0.52294921875,-0.6103515625,-0.002354983240365982,0.013440817594528198,2.747743606567383,0.156484454870224,1866,-0.002705449005588889,0.005228305235505104,2.7356247901916504,0.09284446388483047,1691,4257.8974609375,2.6802373999998963,0.12522790000002715,764.111417891594,cpu,cuda,23,47104,21
-0.3223143252964574,0.9612882102225371,-0.12656529607985167,0.25390625,0.0390625,-0.03903827905122491,-0.17861328124999573,-0.049534037142451894,-0.001179766995465031,0.0,-0.4736328125,-0.7080078125,-0.002338280901312828,0.00033793889451771975,2.7468101978302,0.0011527377646416426,1735,-0.0034919248428195715,0.004894844722002745,2.7332704067230225,0.07956317812204361,1923,4216.609375,2.7272653999989416,0.12671450000016193,750.9353508466007,cpu,cuda,24,49152,21
0.0659456402036188,1.022886380677899,-0.12309897405987744,0.33203125,0.1171875,-0.039169972870618706,-0.17236328124999567,-0.04756831415714337,-0.0005214481366400766,0.0,-0.4375,-0.5859375,-0.002793569816276431,0.0035294077824801207,2.745296001434326,0.029697317630052567,1751,-0.0011352307628840208,0.002600239822641015,2.7304625511169434,0.017987633123993874,1779,4086.1455078125,2.659241100000145,0.101338599999508,770.1445348448806,cpu,cuda,25,51200,21
0.2596942776306086,1.088468578942672,-0.12069346720546177,0.390625,0.15625,-0.03968449778611329,-0.17983398437499457,-0.05043881921619198,-0.001111813979294314,-0.009765625,-0.38818359375,-0.5859375,-0.000820259447209537,-0.00042760244105011225,2.743898630142212,0.003331482410430908,1801,-0.005274381022900343,0.002259481232613325,2.7275354862213135,0.028692878782749176,1882,4584.697265625,2.621042299999317,0.1613177999988693,781.3685418203795,cpu,cuda,26,53248,22
-0.03854677358669546,1.017545219086652,-0.11223980611816042,0.3125,0.078125,-0.03983219791225341,-0.17241210937499557,-0.04734324605578189,-0.00018260196215250915,0.0,-0.43994140625,-0.634765625,-0.0024892135988920927,0.001207405119203031,2.742520809173584,0.0011534024961292744,1734,-0.0012793528148904443,0.009099109098315239,2.7254645824432373,0.06399554759263992,1797,3588.404296875,2.6125509000012244,0.07483399999910034,783.908171894006,cpu,cuda,27,55296,21
0.5058918723311798,1.0921675977466438,-0.10814924784527269,0.44921875,0.1953125,-0.0404206209887054,-0.16728515624999674,-0.04627613423769497,-2.3472343790323786e-05,0.0,-0.40478515625,-0.4638671875,-0.0026333865243941545,-0.0008632627432234585,2.7410175800323486,0.007999999448657036,1500,-0.00667986087501049,0.00685060815885663,2.7241899967193604,0.04620976373553276,1926,4532.7109375,2.5892464999997173,0.09512319999885221,790.9637031469285,cpu,cuda,28,57344,21
-0.037482679083090054,1.0314718293485121,-0.11100203711628134,0.3125,0.1171875,-0.04076416720651862,-0.1750488281249975,-0.04829181973380164,0.0,0.0,-0.48876953125,-0.634765625,-0.0024560741148889065,-7.194336649263278e-05,2.73893666267395,0.004705882165580988,1700,-0.0005310574779286981,0.008315235376358032,2.7229247093200684,0.08010610193014145,1885,4553.06982421875,2.6156142999989243,0.12564349999956903,782.9900608820047,cpu,cuda,29,59392,21
0.5132160597287744,1.0910176081500422,-0.10450851041038799,0.46875,0.1953125,-0.04146982856223863,-0.16293945312499633,-0.04466277698633485,-0.0005881668373076746,0.0,-0.4482421875,-0.439453125,-0.002286261413246393,0.0009679172653704882,2.7369143962860107,0.007303712423890829,1643,-0.004913301672786474,0.004503239877521992,2.721797466278076,0.015348287299275398,1694,4331.62548828125,2.690504999998666,0.15890899999976682,761.1953889701061,cpu,cuda,30,61440,21
0.05185452598125328,1.0731453052991293,-0.11311246426542901,0.3125,0.15625,-0.03987289869670745,-0.17973632812499604,-0.05038549448073915,0.0,0.0,-0.42333984375,-0.68359375,-0.005372907500714064,0.00353837083093822,2.7350192070007324,0.05303030461072922,1716,-0.004280159715563059,0.006209774874150753,2.721590518951416,0.08753180503845215,1965,5856.3544921875,2.8710195000003296,0.09133300000030431,713.3354545309653,cpu,cuda,31,63488,22
0.5130109455830909,1.1171456515233016,-0.11080003381875521,0.44921875,0.1953125,-0.03961026698269683,-0.17382812499999437,-0.048939248888761465,0.0,0.0,-0.33837890625,-0.537109375,-0.002439660020172596,0.006896471604704857,2.7336266040802,0.03454773873090744,1592,-0.0026306072250008583,0.009557605721056461,2.7220473289489746,0.0929877981543541,1968,4828.9970703125,3.050442600000679,0.1273896999991848,671.3779829850082,cpu,cuda,32,65536,22
0.46039548730779895,1.0913764476917038,-0.11423956072888451,0.41015625,0.1953125,-0.04022751714176108,-0.1707519531249971,-0.04892599188826029,0.0,0.0,-0.3251953125,-0.537109375,-0.00248715840280056,0.01603209599852562,2.73240065574646,0.23754557967185974,1646,-0.002928759204223752,0.018955696374177933,2.7223472595214844,0.1858454942703247,1851,4988.8017578125,2.6233061000002635,0.16274599999997008,780.6942544752189,cpu,cuda,33,67584,22
0.06086963593449233,0.9815059682774407,-0.11000046923430169,0.33203125,0.0390625,-0.04082073561006607,-0.16689453124999729,-0.04725653374858028,0.0,0.0,-0.31640625,-0.6103515625,-0.002304231747984886,0.0004549699660856277,2.731696605682373,0.20192308723926544,1456,-0.00560731953009963,0.006391745992004871,2.722517251968384,0.0611620768904686,1962,2337.771240234375,2.575893499999438,0.08062819999940984,795.0639263620359,cpu,cuda,34,69632,21
0.1764999391596261,1.0755882427697752,-0.11321035079886801,0.3515625,0.15625,-0.04014665059126459,-0.17104492187499484,-0.04880747409501693,0.0,0.0,-0.39892578125,-0.634765625,-0.0022503978107124567,0.009291492402553558,2.7315428256988525,0.2119164615869522,1628,-0.0010717575205489993,0.007250179070979357,2.7232797145843506,0.15626667439937592,1875,5800.4306640625,2.588420699999915,0.19595500000104948,791.216049230354,cpu,cuda,35,71680,22
0.5918197064035094,1.1480151000792913,-0.09870033508262291,0.48828125,0.15625,-0.040119693826194555,-0.16152343749999748,-0.04589098976696294,0.0,0.0,-0.3662109375,-0.48828125,-0.003339506918564439,0.0016331217484548688,2.7312097549438477,0.027956988662481308,1395,-0.002224066061899066,0.005121241789311171,2.724276304244995,0.04547830671072006,1913,3727.755615234375,2.5965379000008397,0.14016950000041106,788.7425791086422,cpu,cuda,36,73728,22
0.2483426957683585,1.1017333186850424,-0.10362796434447825,0.390625,0.15625,-0.040007485225856426,-0.16884765624999637,-0.04774345459634775,0.0,0.0,-0.478515625,-0.5615234375,-0.0026703360490500927,0.004561794456094503,2.730961322784424,0.04962094873189926,1451,-0.002360872458666563,0.011623814702033997,2.724815607070923,0.1923268586397171,2007,4797.2900390625,2.7707537000005686,0.20142350000060105,739.1490625816289,cpu,cuda,37,75776,22
0.35586526663344453,1.0743279927773735,-0.09412699782095758,0.4296875,0.1171875,-0.040946106874676036,-0.15776367187499765,-0.04427829332329482,0.0,0.0,-0.43994140625,-0.48828125,-0.0026001622900366783,0.009052282199263573,2.730462074279785,0.09003215283155441,1244,-0.00497260969132185,0.005195630714297295,2.7250115871429443,0.007045797072350979,1987,3244.60986328125,3.000480599999719,0.10262320000038017,682.557320983909,cpu,cuda,38,77824,21
0.14024083602220552,1.055272755150284,-0.09009070193504592,0.390625,0.078125,-0.04213903939443637,-0.1536621093749967,-0.04320256842359715,0.0,0.0,-0.517578125,-0.537109375,-0.004221429117023945,0.011164538562297821,2.7291958332061768,0.05567010119557381,1455,-0.004520951770246029,0.010104565881192684,2.724332332611084,0.10106383264064789,1692,3095.443359375,2.941464100000303,0.10206339999967895,696.2519107405693,cpu,cuda,39,79872,21
0.5602950347768771,1.1965810406493014,-0.10056849278644862,0.48828125,0.234375,-0.04078603578536954,-0.16879882812499838,-0.04781233667560262,0.0,0.0,-0.48828125,-0.5126953125,-0.006342432927340269,0.0020958303939551115,2.7279748916625977,0.07118412107229233,1461,-0.002470597391948104,0.013442324474453926,2.7229747772216797,0.09118236601352692,1996,5402.62939453125,2.8874080999994476,0.13465410000026168,709.2866436166026,cpu,cuda,40,81920,23
0.5517232052269959,1.1584048950875914,-0.1027502076500547,0.46875,0.1953125,-0.040272147751279554,-0.16601562499999614,-0.04715542820926566,0.0,0.0,-0.42626953125,-0.48828125,-0.002152811037376523,0.019836684688925743,2.72682785987854,0.29992789030075073,1387,-0.0009988959645852447,0.006529852282255888,2.721449851989746,0.08892200887203217,2013,4220.2666015625,2.757164199998442,0.11503339999944728,742.7921775573458,cpu,cuda,41,83968,22
0.37507716306530325,1.1563386651190797,-0.09873555628971106,0.4296875,0.1953125,-0.039962625970138006,-0.1631347656249984,-0.04623085817034468,-9.22272485828673e-05,0.0,-0.47216796875,-0.5859375,0.0009723642724566162,0.007723202463239431,2.725449562072754,0.0853174552321434,1512,-0.003613546025007963,0.017254851758480072,2.719799518585205,0.14488790929317474,1829,5282.6201171875,2.7604757999997673,0.08630479999919771,741.9010882110151,cpu,cuda,42,86016,23
0.07210187048206457,1.029724952662396,-0.10588826371594888,0.37109375,0.15625,-0.0389191742236558,-0.1690917968749954,-0.047532441115725826,0.0,0.0,-0.51318359375,-0.6103515625,-0.0034549098927527666,0.002113365801051259,2.724160671234131,0.004996877163648605,1601,-0.005681399721652269,0.0049600303173065186,2.7180721759796143,0.02255639061331749,1862,5628.01708984375,2.803879199998846,0.13280870000016876,730.4166313587414,cpu,cuda,43,88064,22
0.5035867652499885,1.119365318061081,-0.09789701682145473,0.46875,0.1171875,-0.03984697605873161,-0.1584472656249961,-0.0456615130559064,0.0,0.0,-0.37158203125,-0.48828125,-0.004206853453069925,0.00823583547025919,2.722885847091675,0.1229868233203888,1366,-0.002881711581721902,0.0060033006593585014,2.716599225997925,0.13358169794082642,1879,2643.04638671875,2.59037139999964,0.1263901000002079,790.6202176260457,cpu,cuda,44,90112,22
0.5938601132055067,1.1377088356862242,-0.09481382728555951,0.48828125,0.234375,-0.04040772294923824,-0.1644531249999964,-0.04642014099592143,0.0,0.0,-0.43212890625,-0.48828125,-0.0026985956355929375,0.0020093584898859262,2.722567081451416,0.11209626495838165,1579,-0.001398152089677751,0.0028749604243785143,2.715216636657715,0.02291783131659031,1789,5113.82177734375,2.706500299998879,0.0959952000011981,756.6967570632999,cpu,cuda,45,92160,22
1.1621728824149822,1.2651138506473838,-0.09297818728040252,0.625,0.3515625,-0.040182080001201124,-0.15927734374999755,-0.0458549197007984,0.0,0.0,-0.326171875,-0.4150390625,-0.0031893071718513966,0.00035800584009848535,2.72245717048645,0.01421464141458273,1407,-0.005357134621590376,0.015792952850461006,2.714561939239502,0.1579514890909195,1855,5048.4208984375,2.936675799999648,0.07395309999992605,697.3871613612389,cpu,cuda,46,94208,25
1.0166481504584375,1.2247138709260756,-0.09251367219970756,0.56640625,0.3515625,-0.041533432831863,-0.15527343749999928,-0.044233459186068025,0.0,0.0,-0.40185546875,-0.390625,-0.006319199688732624,0.016494551673531532,2.7224292755126953,0.1227390244603157,1548,-0.003524365136399865,0.0036357759963721037,2.7140374183654785,0.06924019753932953,1632,5671.693359375,2.713893800000733,0.12495149999995192,754.6352771797655,cpu,cuda,47,96256,22
1.1486553715864334,1.2784492234609763,-0.09428263934933949,0.625,0.390625,-0.04048609785719312,-0.15820312499999808,-0.04482980216800989,0.0,0.0,-0.4169921875,-0.390625,-0.006406831555068493,0.00985485129058361,2.7223384380340576,0.12180890142917633,1371,-0.0011368466075509787,0.008724174462258816,2.713338851928711,0.0813269093632698,1869,5835.1376953125,2.54973389999941,0.09827380000024277,803.2210733835692,cpu,cuda,48,98304,24
0.5109248266067481,1.1502925479033497,-0.09297404486495359,0.48828125,0.234375,-0.040555895984774666,-0.16152343749999634,-0.04499793669687231,0.0,0.0,-0.53369140625,-0.48828125,0.000505792151670903,0.017012042924761772,2.722059965133667,0.22721438109874725,1558,-0.0042123738676309586,0.004891404416412115,2.7131571769714355,0.048571426421403885,1750,5846.78857421875,2.5650443000013183,0.11559549999947194,798.4267562158468,cpu,cuda,49,100352,23
1.505375787860028,1.3626007900686623,-0.09903542903792761,0.72265625,0.546875,-0.03982953563593375,-0.1600585937499959,-0.04560613128477565,0.0,0.0,-0.46484375,-0.3173828125,-0.007801723666489124,0.016755124554038048,2.7221577167510986,0.1883791983127594,1635,-0.003248999360948801,0.006731080822646618,2.713250160217285,0.08034083992242813,1643,6619.85009765625,2.6160729999992327,0.12524699999994482,782.852772075015,cpu,cuda,50,102400,25
1.2584357043337429,1.2605149575789172,-0.09433666016065634,0.68359375,0.4296875,-0.04018720261865492,-0.15629882812499846,-0.04475265609086302,0.0,0.0,-0.43798828125,-0.341796875,0.0010368735529482365,0.00456518167629838,2.7220540046691895,0.07297831028699875,1521,-0.002312219701707363,0.0007695907261222601,2.7126588821411133,0.007142857648432255,1680,5890.6181640625,2.5274850000005245,0.07828349999908824,810.2916535605849,cpu,cuda,51,104448,24
1.1023585149153898,1.2773009713751124,-0.09310722227346993,0.5859375,0.390625,-0.04009708891475237,-0.1581542968749975,-0.0456932233965011,0.0,0.0,-0.3994140625,-0.4150390625,-0.006274108309298754,0.007724500261247158,2.720736026763916,0.11573747545480728,1417,-0.0062955161556601524,0.0016406058566644788,2.7114017009735107,0.050493963062763214,1822,5781.9228515625,2.5554628999998386,0.10080889999881038,801.4203610626198,cpu,cuda,52,106496,24
1.6916593222056278,1.290597026793448,-0.09261060182952782,0.76171875,0.546875,-0.0401138602079528,-0.15473632812499868,-0.0453636331753369,0.0,0.0,-0.33056640625,-0.244140625,-0.0013762147864326835,0.010044665075838566,2.7191522121429443,0.1371753215789795,1232,-0.004160559270530939,0.005959216505289078,2.709033727645874,0.061951469630002975,1937,5791.79150390625,2.558368199999677,0.08809269999983371,800.5102627527416,cpu,cuda,53,108544,24
1.2911946781189605,1.2770939325520236,-0.09283311816065774,0.6640625,0.46875,-0.03995378134400047,-0.1639648437499966,-0.046081104928402145,0.0,0.0,-0.45849609375,-0.3173828125,-0.002290964126586914,0.00309202098287642,2.718522071838379,0.023521505296230316,1488,-0.003088937606662512,0.012408869341015816,2.7069623470306396,0.0780748650431633,1870,6169.326171875,2.587860899999214,0.12501940000038303,791.3872032305222,cpu,cuda,54,110592,24
1.5900553573503375,1.4074085111274917,-0.09176813014477918,0.7421875,0.46875,-0.04042146949548255,-0.15371093749999787,-0.04512449163689314,0.0,0.0,-0.35546875,-0.341796875,-0.005051317624747753,0.000805988849606365,2.7185885906219482,0.03625815734267235,1379,-0.002113278256729245,0.006880540866404772,2.7041854858398438,0.05313736945390701,1769,4447.5517578125,2.544358799999827,0.07795380000061414,804.9179227395676,cpu,cuda,55,112640,26
0.989401128353979,1.214204358053112,-0.08923648755484193,0.60546875,0.3515625,-0.041143488374100014,-0.15996093749999674,-0.04481387877019265,0.0,0.0,-0.4560546875,-0.390625,-0.004515457432717085,0.008591475896537304,2.7184040546417236,0.1246684342622757,1508,-0.0045408993028104305,0.009083190932869911,2.7019546031951904,0.14027149975299835,1768,4697.0703125,2.503795699998591,0.10103750000052969,817.9581105603595,cpu,cuda,56,114688,23
0.446013625341095,1.1493899410424948,-0.08974426058495265,0.4296875,0.1171875,-0.04163267270867667,-0.15732421874999694,-0.045046257407773155,0.0,0.0,-0.40380859375,-0.5126953125,-0.005422838497906923,0.0060477773658931255,2.7179768085479736,0.06682389974594116,1272,-0.007500754669308662,0.0050711059011518955,2.7014143466949463,0.09692307561635971,1950,3454.76025390625,2.567249100000481,0.12894359999882,797.7410528645686,cpu,cuda,57,116736,22
1.6675771581630559,1.3705031395540215,-0.09405971400242111,0.76171875,0.5859375,-0.040240259476361305,-0.16005859374999684,-0.046751007912178136,0.0,0.0,-0.39208984375,-0.3173828125,-0.00212561315856874,0.0038026482798159122,2.718083381652832,0.043988268822431564,1364,-0.0006506569916382432,0.014404432848095894,2.7008473873138428,0.20532914996147156,1914,7662.76953125,2.5666268000004493,0.09631420000005164,797.9344718132147,cpu,cuda,58,118784,26
1.773304145692478,1.407800646135531,-0.09085605914744967,0.78125,0.546875,-0.04075639747794164,-0.15073242187499653,-0.04404615319266225,0.0,0.0,-0.34326171875,-0.29296875,-0.008331098593771458,0.010559475049376488,2.717533826828003,0.17577031254768372,1428,-0.004301096312701702,0.0061479732394218445,2.7000181674957275,0.03857745602726936,1659,6060.330078125,2.498749999998836,0.10179489999973157,819.609804902833,cpu,cuda,59,120832,26
1.8789353092751413,1.4308979437208094,-0.0910481462052256,0.8203125,0.625,-0.03991822896546174,-0.1574707031249973,-0.04575211864998241,0.0,0.0,-0.3701171875,-0.29296875,-0.0011879955418407917,0.013436546549201012,2.7153539657592773,0.09902370721101761,1434,-0.004340094979852438,0.007549903355538845,2.6986308097839355,0.06085985153913498,1791,7448.1416015625,2.590885800000251,0.12578539999958593,790.4632461993507,cpu,cuda,60,122880,27
1.74193450966147,1.4015371323901513,-0.0891548668042211,0.78125,0.546875,-0.040833575632752646,-0.15600585937499856,-0.04499503966671137,0.0,0.0,-0.38818359375,-0.2685546875,-0.002929020905867219,0.014765225350856781,2.7128849029541016,0.2477256804704666,1429,-0.004705171566456556,0.008115219883620739,2.6976611614227295,0.15855039656162262,1766,5318.31494140625,2.7070118000010552,0.09242009999979928,756.5537763814704,cpu,cuda,61,124928,25
1.9980872407222348,1.4710844703685988,-0.08839257498203108,0.83984375,0.625,-0.04069598305447551,-0.15297851562499723,-0.04493406223485849,0.0,0.0,-0.34228515625,-0.2685546875,-0.0057211085222661495,0.010143798775970936,2.7109599113464355,0.07017543911933899,1425,-0.0006392739014700055,0.011360657401382923,2.6969056129455566,0.15573769807815552,1708,6134.1103515625,2.7847609000000375,0.08845819999987725,735.4311819014596,cpu,cuda,62,126976,27
2.717664022444581,1.6895424939684605,-0.09541161203037048,1.015625,0.859375,-0.03921656721239634,-0.15834960937499665,-0.047553026656112996,0.0,0.0,-0.28662109375,-0.2197265625,-0.0007990155136212707,0.007079971022903919,2.7103421688079834,0.09284195303916931,1411,-0.0055572581477463245,0.009702440351247787,2.6967110633850098,0.16648471355438232,1832,7835.5927734375,2.6278890000012325,0.08182399999896006,779.3327648158045,cpu,cuda,63,129024,31
1.3022281574376133,1.2650908255985494,-0.08683184862131585,0.64453125,0.390625,-0.04022055016666627,-0.15249023437499856,-0.04464815999795355,0.0,0.0,-0.283203125,-0.390625,-0.0077475011348724365,0.0073320018127560616,2.709282636642456,0.22276028990745544,1239,-0.0023892868775874376,0.001964180963113904,2.696633815765381,0.06581741571426392,1884,5991.443359375,2.5293846000004123,0.10218019999956596,809.6831142245692,cpu,cuda,64,131072,24
2.3225999282699967,1.548595128095659,-0.09530707435839517,0.91796875,0.8203125,-0.038682257465882545,-0.166064453124997,-0.04850000862639088,0.0,0.0,-0.37158203125,-0.244140625,-0.0017750068800523877,0.015960408374667168,2.708352565765381,0.1380724459886551,1463,-0.0045443507842719555,0.0011244597844779491,2.69679856300354,0.04850361496210098,1938,8436.201171875,2.56557359999897,0.1560021000004781,798.2620338784365,cpu,cuda,65,133120,29
2.474308042688275,1.6087431745459306,-0.09227526078972755,0.9765625,0.78125,-0.039079797103951215,-0.15947265624999687,-0.047220698963979735,0.0,0.0,-0.33447265625,-0.2197265625,-0.0022159258369356394,0.014357110485434532,2.707646131515503,0.20660576224327087,1423,-0.002997780917212367,0.012074800208210945,2.6973376274108887,0.10146500170230865,1843,6741.97216796875,2.560782799999288,0.07518549999986135,799.7554497790948,cpu,cuda,66,135168,29
2.575673460482249,1.6427955569757067,-0.09098564679627763,0.99609375,0.859375,-0.03890518664832382,-0.1575683593749981,-0.04626446617385549,0.0,0.0,-0.369140625,-0.2197265625,-0.0036250408738851547,0.002726646838709712,2.70715594291687,0.03849000483751297,1351,-0.005802998319268227,0.004778539761900902,2.698516607284546,0.06236673891544342,1876,8090.09765625,2.602568500000416,0.1625134000005346,786.9149265426338,cpu,cuda,67,137216,30
1.9852845039443352,1.5267408741358726,-0.08884250882686039,0.83984375,0.6640625,-0.039065707549918685,-0.1617187499999972,-0.046751278814754584,0.0,0.0,-0.416015625,-0.29296875,-0.006027132738381624,0.009811081923544407,2.7068498134613037,0.12860310077667236,1353,-0.006187423598021269,0.01651320420205593,2.6986281871795654,0.18376722931861877,1959,6773.32080078125,2.5553328999994847,0.12478730000111682,801.4611325203119,cpu,cuda,68,139264,28
1.7885698568196553,1.4096747354837527,-0.08640901693769781,0.80078125,0.5859375,-0.0402910984208207,-0.15356445312499709,-0.0444535914305767,0.0,0.0,-0.36572265625,-0.3173828125,-0.002746311016380787,0.005557486787438393,2.706101655960083,0.09941089898347855,1358,-0.0002145361650036648,0.009959093295037746,2.69838809967041,0.1516508162021637,1787,6573.88623046875,2.56364880000001,0.10287700000117184,798.8613728994362,cpu,cuda,69,141312,27
2.8869788284630116,1.7687672489557327,-0.09896154287895759,1.09375,0.9375,-0.03844982440716158,-0.16342773437499747,-0.04872275633160432,0.0,0.0,-0.3681640625,-0.1953125,-0.005992675665766001,0.018418220803141594,2.7051854133605957,0.2303439825773239,1628,-0.004793313331902027,0.004227490164339542,2.6978917121887207,0.09947644174098969,1719,8278.44921875,2.610892300001069,0.12568590000046242,784.4061587676985,cpu,cuda,70,143360,32
2.2582341188126573,1.5675218747354078,-0.08975753692146082,0.8984375,0.703125,-0.03937468794753246,-0.15229492187499735,-0.04495045292875388,0.0,0.0,-0.29150390625,-0.29296875,-0.001955586951225996,0.0077333818189799786,2.704214096069336,0.14771904051303864,1381,-0.004474674351513386,0.015550410374999046,2.696770668029785,0.16455696523189545,1738,6691.78515625,2.7274828999998135,0.12480930000128865,750.8754683668741,cpu,cuda,71,145408,29
2.3994035706753216,1.5635169908124167,-0.09073245899484948,0.9375,0.78125,-0.038718542536882714,-0.1598632812499974,-0.04667413735535915,0.0,0.0,-0.3271484375,-0.2197265625,-0.0021020120475441217,0.013363982550799847,2.703939914703369,0.1991051435470581,1341,-0.002911384217441082,0.005734920036047697,2.6960623264312744,0.07656493037939072,1933,7879.1376953125,2.5969198000002507,0.08565140000064275,788.6265875441368,cpu,cuda,72,147456,28
2.9819672304871117,1.764161464724106,-0.09550249615664955,1.11328125,1.015625,-0.03866583446387923,-0.16245117187499786,-0.04758645049146016,0.0,0.0,-0.42041015625,-0.146484375,-0.002270478755235672,0.005404194816946983,2.704427719116211,0.05430711433291435,1602,-0.007580311968922615,0.009536844678223133,2.695631742477417,0.09797100722789764,1725,7687.4716796875,2.6378108999997494,0.16461509999862756,776.4013713038318,cpu,cuda,73,149504,32
2.270699827158101,1.5690042412917304,-0.08892253836901555,0.91796875,0.7421875,-0.03904323403978242,-0.15742187499999727,-0.04563161047483488,0.0,0.0,-0.35888671875,-0.2685546875,-0.002779787639155984,0.005678507499396801,2.7048332691192627,0.045968882739543915,1414,-0.004658260382711887,0.009932789020240307,2.694674015045166,0.15690606832504272,1810,7422.30224609375,2.595612600000095,0.08285200000136683,789.0237549316586,cpu,cuda,74,151552,29
3.536310309450139,1.9000276759067882,-0.09532965238041512,1.23046875,1.1328125,-0.038242161017507326,-0.15747070312499592,-0.04728422493373308,0.0,0.0,-0.2666015625,-0.1220703125,-0.004511066246777773,0.004805729258805513,2.7049243450164795,0.046384721994400024,1466,-0.004903807770460844,0.010622735135257244,2.6937859058380127,0.1819215565919876,1759,8712.37109375,2.511397300000681,0.09737670000140497,815.4822815169248,cpu,cuda,75,153600,34
3.004476286009265,1.6834241101989098,-0.09247544224354624,1.09375,0.9765625,-0.03847562232581957,-0.15854492187499686,-0.04667840024527184,0.0,0.0,-0.2666015625,-0.146484375,-0.00504017760977149,0.0035367747768759727,2.7047455310821533,0.08085106313228607,1410,-0.006010398268699646,0.01084653940051794,2.693446636199951,0.10234076529741287,1837,7360.3359375,2.5135155000007217,0.09928920000129438,814.7950549735667,cpu,cuda,76,155648,31
3.312549218903004,1.8573463441671565,-0.09446960257714324,1.19140625,1.0546875,-0.03877321019076896,-0.15971679687499615,-0.04773595312123683,0.0,0.0,-0.3037109375,-0.146484375,-0.0022642326075583696,0.003687741933390498,2.7040953636169434,0.021167416125535965,1559,-0.004746513441205025,0.016209708526730537,2.6930997371673584,0.21962615847587585,1712,8227.962890625,2.8517699999993056,0.08304110000062792,718.1504819815408,cpu,cuda,77,157696,33
4.2573818972947315,2.119048146343163,-0.10226116110134205,1.42578125,1.40625,-0.037210832597643975,-0.16513671874999591,-0.05070988034944821,0.0,0.0,-0.26513671875,-0.0732421875,-0.004089668858796358,0.006416915450245142,2.7041919231414795,0.07268322259187698,1651,-0.005820612423121929,0.0037803826853632927,2.6928327083587646,0.056614670902490616,1731,10368.423828125,2.7395397999989655,0.10851720000027854,747.5708146312652,cpu,cuda,78,159744,38
3.3089095159782156,1.7681510194915449,-0.0890446893810311,1.15234375,1.0546875,-0.038492077557370996,-0.1513671874999977,-0.04557192407492603,0.0,0.0,-0.2197265625,-0.1220703125,-0.003915985114872456,0.012794976122677326,2.7043168544769287,0.10926902294158936,1327,-0.0022323639132082462,0.010807094164192677,2.6918447017669678,0.1692047417163849,1773,7651.7236328125,2.504192600001261,0.1295974999993632,817.8284689440296,cpu,cuda,79,161792,32
2.6040494212731744,1.6214505508805486,-0.09082930859416441,0.99609375,0.859375,-0.039360926417485675,-0.16098632812499789,-0.04702534772072115,0.0,0.0,-0.33935546875,-0.1953125,-0.006408609449863434,0.00382092478685081,2.703580856323242,0.054794520139694214,1533,-0.007980206049978733,0.01325373724102974,2.691023826599121,0.15646257996559143,1764,6765.134765625,2.577911700000186,0.07949370000096678,794.4414853308793,cpu,cuda,80,163840,30
3.531175506665481,1.853503704011521,-0.09647795004934553,1.25,1.171875,-0.03823336112583261,-0.16650390624999684,-0.04943329242085608,0.0,0.0,-0.3203125,-0.0732421875,-0.0035231353249400854,0.019287077710032463,2.702197313308716,0.29418960213661194,1635,-0.0014435717603191733,0.016051795333623886,2.6904754638671875,0.18309859931468964,1775,7636.0048828125,2.742686199999298,0.12527919999956794,746.7132040116453,cpu,cuda,81,165888,33
3.3469616030420886,1.7920170548657632,-0.09063632163119827,1.171875,1.09375,-0.03877225273689764,-0.14941406249999703,-0.0446507837055769,0.0,0.0,-0.26513671875,-0.1220703125,-0.0037333141081035137,0.013068432919681072,2.7004752159118652,0.14877717196941376,1472,-0.0037230313755571842,0.004545401316136122,2.690260410308838,0.09508815407752991,1588,8221.662109375,2.5385752000001958,0.10207769999942684,806.7517558667721,cpu,cuda,82,167936,33
3.405394017657295,1.8867883831038994,-0.09274056307060412,1.19140625,1.0546875,-0.03829228109004067,-0.15292968749999752,-0.04655292753596134,0.0,0.0,-0.22607421875,-0.1708984375,-0.0062642875127494335,0.0029680361039936543,2.6988937854766846,0.053052324801683426,1376,-0.0022549498826265335,0.00961081963032484,2.6896679401397705,0.13496583700180054,1756,8427.630859375,2.5152056999995693,0.09539430000040738,814.2475186026935,cpu,cuda,83,169984,34
4.050920269780191,2.0755781021161384,-0.09819809014393795,1.38671875,1.2890625,-0.037663056332320276,-0.1615722656249964,-0.04900176398468115,0.0,0.0,-0.25634765625,-0.09765625,-0.0024981130845844746,0.0038097670767456293,2.6965506076812744,0.014877102337777615,1546,-0.0036273696459829807,0.007971318438649178,2.687349796295166,0.0845150277018547,1763,9209.5400390625,2.5753929000002245,0.20314699999835284,795.2184693837672,cpu,cuda,84,172032,37
4.199992061557239,2.058647970532304,-0.09664857266421481,1.40625,1.3671875,-0.03809892663916763,-0.15678710937499632,-0.048078331546679454,0.0,0.0,-0.24365234375,-0.048828125,-0.003029076149687171,0.009872524067759514,2.6943483352661133,0.18520860373973846,1582,-0.005249509122222662,0.004535078536719084,2.6842010021209717,0.03683241084218025,1629,8597.1123046875,2.573145899999872,0.08479650000117545,795.9128940182139,cpu,cuda,85,174080,37
3.983071487159643,2.0435976716879867,-0.09764264148639312,1.34765625,1.2890625,-0.03776677216590352,-0.16059570312499816,-0.04870075525104029,0.0,0.0,-0.2548828125,-0.09765625,-0.005002360790967941,0.00813262164592743,2.6926774978637695,0.17323370277881622,1472,-0.005217783618718386,0.0015014864038676023,2.6810827255249023,0.046780407428741455,1817,8594.662109375,2.5209245000005467,0.09766959999979008,812.400371371517,cpu,cuda,86,176128,37
4.035425804386746,2.0142320966528278,-0.09667076465370118,1.38671875,1.328125,-0.03830409081571795,-0.15996093749999737,-0.048128311796661105,0.0,0.0,-0.3017578125,-0.048828125,-0.00625871866941452,0.0036203283816576004,2.6917335987091064,0.01743461936712265,1606,-0.0018657464534044266,0.007801360916346312,2.677616596221924,0.07904192060232162,1670,8049.025390625,2.6620096000006015,0.12784670000110054,769.3435816307865,cpu,cuda,87,178176,36
4.469496778212824,2.1953874986506476,-0.09992896149005923,1.46484375,1.40625,-0.03732126631199852,-0.1558593749999963,-0.04899205513576452,0.0,0.0,-0.1572265625,-0.09765625,-0.0029536534566432238,0.013051670044660568,2.6908881664276123,0.14080460369586945,1392,-0.004556015133857727,-0.001401902874931693,2.675051689147949,0.02222222276031971,1800,9353.9990234375,2.5678464000011445,0.16287050000028103,797.5554924153903,cpu,cuda,88,180224,40
4.9282979801613,2.34012186095565,-0.10565931991677217,1.62109375,1.6015625,-0.03668382945979912,-0.16625976562499703,-0.05146315329278616,0.0,0.0,-0.25,-0.0244140625,-0.003499555867165327,0.01570609025657177,2.69040584564209,0.26842421293258667,1669,-0.007059839088469744,0.010492485947906971,2.67342472076416,0.1837557554244995,1736,9757.7109375,2.648279700000785,0.09024689999932889,773.3322126055616,cpu,cuda,89,182272,42
4.681591434815208,2.309692344051941,-0.10378076275690193,1.5625,1.484375,-0.036859191114363865,-0.1669433593749958,-0.05147462724046937,0.0,0.0,-0.24267578125,-0.0732421875,-0.0050271786749362946,0.014178222976624966,2.689702272415161,0.12673506140708923,1657,-0.0012474223040044308,0.012546693906188011,2.6716723442077637,0.1992054581642151,1762,9964.404296875,2.899231100000179,0.10235800000009476,706.3941884452996,cpu,cuda,90,184320,41
4.55457018619324,2.2053022054180893,-0.1006266611543714,1.50390625,1.484375,-0.037334098552340246,-0.1607421874999972,-0.049294697018138524,0.0,0.0,-0.2421875,-0.048828125,-0.002128228545188904,0.012809358537197113,2.6893093585968018,0.20313480496406555,1595,-0.003492903895676136,0.0021392658818513155,2.6695199012756348,0.03594578802585602,1697,8923.525390625,2.6941037999986293,0.09166569999979401,760.1785796081955,cpu,cuda,91,186368,40
5.027688133794699,2.3563999692652673,-0.10404984858192556,1.640625,1.6015625,-0.0371897919017365,-0.16142578124999724,-0.05094875748693128,0.0,0.0,-0.19287109375,-0.0244140625,-0.004238721448928118,0.01558075100183487,2.688584089279175,0.2826786935329437,1553,-0.003850755048915744,0.01693139411509037,2.6669209003448486,0.1916714310646057,1753,9605.623046875,2.95831089999956,0.08610010000120383,692.2869398210663,cpu,cuda,92,188416,42
5.5028051730375775,2.538886160581868,-0.10875796188376888,1.7578125,1.7578125,-0.036124921079189784,-0.16406249999999725,-0.052330917081331765,0.0,0.0,-0.166015625,-0.0244140625,-0.0019131565932184458,0.005580142606049776,2.687382698059082,0.16791044175624847,1608,0.0006583476788364351,0.01954682543873787,2.6642954349517822,0.22659815847873688,1752,10484.87109375,2.8768194999993284,0.20233320000079402,711.8972879600121,cpu,cuda,93,190464,46
4.31951853203825,2.1455666588487095,-0.09821926875160894,1.4453125,1.40625,-0.037621045075413036,-0.16362304687499685,-0.050022266108438636,0.0,0.0,-0.279296875,-0.048828125,-0.004237382672727108,0.0012506181374192238,2.6868247985839844,0.0581323467195034,1617,-0.0016463750507682562,0.01577937975525856,2.66113543510437,0.20415224134922028,1734,7934.318359375,2.5998598000005586,0.10584999999991851,787.7347847755328,cpu,cuda,94,192512,38
5.333658314416501,2.457061679612613,-0.10728979591612813,1.73828125,1.71875,-0.036116676943386675,-0.16718749999999657,-0.053043767336601995,0.0,0.0,-0.216796875,0.0,-0.003084326395764947,0.010942382737994194,2.6863605976104736,0.12809132039546967,1577,-0.006031112279742956,0.004102312494069338,2.6584367752075195,0.021115321666002274,1847,9710.802734375,2.6532138000002305,0.1281238999999914,771.8940705041645,cpu,cuda,95,194560,44
4.800681075336058,2.2738022657006653,-0.1019852163734468,1.5625,1.5625,-0.03704314561920783,-0.16157226562499657,-0.05045025024694948,0.0,0.0,-0.22265625,-0.0244140625,-0.003910445608198643,0.012790125794708729,2.686145067214966,0.21456436812877655,1538,-0.004334430210292339,0.006435905117541552,2.6554172039031982,0.06945228576660156,1771,8636.849609375,2.613871499999732,0.10011570000096981,783.5121198575408,cpu,cuda,96,196608,41
4.846783473308213,2.295758845581975,-0.10318500858835729,1.62109375,1.6015625,-0.037597106462815735,-0.164453124999997,-0.05096669472258976,0.0,0.0,-0.3154296875,0.0,-0.0009904884500429034,0.0100062545388937,2.6864171028137207,0.09994447231292725,1801,-0.004891816060990095,0.00743319233879447,2.6520771980285645,0.06381620466709137,1567,8113.5849609375,2.595213299999159,0.1259939999999915,789.1451542733168,cpu,cuda,97,198656,41
5.22878921395694,2.404135857978535,-0.1039630699402984,1.69921875,1.71875,-0.03696640240449454,-0.16132812499999738,-0.050823421676784594,0.0,0.0,-0.240234375,0.0,-0.0057938797399401665,0.0156744085252285,2.6865456104278564,0.17901600897312164,1687,-0.003356222528964281,0.016439277678728104,2.6494786739349365,0.26035869121551514,1617,8966.8271484375,2.6186515999997937,0.09521080000013171,782.0818928337627,cpu,cuda,98,200704,44
5.2164482958309515,2.548245191911878,-0.11077200375315126,1.69921875,1.640625,-0.03593019782234882,-0.17016601562499686,-0.053991178880434705,0.0,0.0,-0.2275390625,-0.0732421875,-0.0021362286061048508,0.009577951394021511,2.686394453048706,0.07962528616189957,1708,-0.002798107685521245,0.0128257991746068,2.6465694904327393,0.12605515122413635,1777,10376.19140625,2.7290295000002516,0.07323790000009467,750.4499310102038,cpu,cuda,99,202752,45
4.512478819457513,2.22625534816711,-0.0999905045717341,1.50390625,1.4453125,-0.037050856180672165,-0.1602050781249969,-0.049830871082199774,0.0,0.0,-0.24267578125,-0.0732421875,-0.0035802556667476892,0.008313237689435482,2.6863861083984375,0.1599999964237213,1475,-0.004786638077348471,0.009817461483180523,2.6434695720672607,0.2336655557155609,1806,8550.24609375,2.6161016000005475,0.11864070000046922,782.8442136955122,cpu,cuda,100,204800,40
